smiles,standard_value,molecule_id
Cc1cc(C)c(/C=C2\C(=O)Nc3ncnc(Nc4ccc(F)c(Cl)c4)c32)[nH]1,41.0,MOL_0000
Cc1cc(C)c(/C=C2\C(=O)Nc3ncnc(Nc4ccc(F)c(Cl)c4)c32)[nH]1,300.0,MOL_0001
Cc1cc(C)c(/C=C2\C(=O)Nc3ncnc(Nc4ccc(F)c(Cl)c4)c32)[nH]1,7820.0,MOL_0002
Cc1cc(C(=O)N2CCOCC2)[nH]c1/C=C1\C(=O)Nc2ncnc(Nc3ccc(F)c(Cl)c3)c21,170.0,MOL_0003
Cc1cc(C(=O)N2CCOCC2)[nH]c1/C=C1\C(=O)Nc2ncnc(Nc3ccc(F)c(Cl)c3)c21,40.0,MOL_0004
Cc1cc(C(=O)N2CCOCC2)[nH]c1/C=C1\C(=O)Nc2ncnc(Nc3ccc(F)c(Cl)c3)c21,440.0,MOL_0005
CN(c1ccccc1)c1ncnc2ccc(N/N=N/Cc3ccccn3)cc12,9300.0,MOL_0006
CC(=C(C#N)C#N)c1ccc(NC(=O)CCC(=O)O)cc1,500000.0,MOL_0007
O=C(O)/C=C/c1ccc(O)cc1,3000000.0,MOL_0008
N#CC(C#N)=Cc1cc(O)ccc1[N+](=O)[O-],96000.0,MOL_0009
Cc1cc(C(=O)NCCN2CCOCC2)[nH]c1/C=C1\C(=O)N(C)c2ncnc(Nc3ccc(F)c(Cl)c3)c21,5310.0,MOL_0010
COc1cc(/C=C(\C#N)C(=O)O)cc(OC)c1O,264000.0,MOL_0011
N#CC(C#N)=C(N)/C(C#N)=C/c1ccc(O)cc1,125.0,MOL_0012
N#CC(C#N)=Cc1ccc(O)c(O)c1,35000.0,MOL_0013
N[C@@H](Cc1ccc(O)c(O)c1)C(=O)O,900000.0,MOL_0014
CCN(CC)CC(O)CNC(=O)c1cc(C)c(/C=C2\C(=O)Nc3ncnc(Nc4ccc(F)c(Cl)c4)c32)[nH]1,0.45,MOL_0015
N#C/C(=C\c1ccc(O)c(O)c1)C(N)=O,10000.0,MOL_0016
N#CC(C#N)=C(N)/C(C#N)=C/c1ccc(O)c([N+](=O)[O-])c1,60000.0,MOL_0017
COc1ccc(NN=C(C#N)C#N)cc1,600000.0,MOL_0018
COc1cc(C=C(C#N)C#N)cc(OC)c1O,850000.0,MOL_0019
N#CC(C#N)=Cc1cc(O)c(O)c(O)c1,3000.0,MOL_0020
C/N=N/Nc1ccc2ncnc(N(C)c3ccccc3)c2c1,8000.0,MOL_0021
N#C/C(=C\c1ccc([N+](=O)[O-])cc1)C(=O)O,1300000.0,MOL_0022
N#C/C(=C/c1ccc[nH]1)C(=O)O,1360000.0,MOL_0023
N#C/C(=C\c1ccc(O)cc1)C(=O)O,165000.0,MOL_0024
N#CC(C#N)=Cc1ccncc1,250000.0,MOL_0025
N#CC(C#N)=Cc1ccc(O)c([N+](=O)[O-])c1,125000.0,MOL_0026
CN(C)/N=N/c1ccc2ncnc(Nc3cccc(Cl)c3)c2c1,14.0,MOL_0027
N#CCNC(=O)/C(C#N)=C/c1ccc(O)cc1,625000.0,MOL_0028
Cc1cccc(Nc2ncnc3ccc(N)cc23)c1,1000.0,MOL_0029
C/N=N/Nc1ccc2ncnc(Nc3cccc(Cl)c3)c2c1,100.0,MOL_0030
CN(C)/N=N/c1ccc2ncnc(N(C)c3ccccc3)c2c1,13350.0,MOL_0031
N#CC(C#N)=CNc1ccc(O)cc1,350000.0,MOL_0032
O=CN/C=C/c1cc(O)ccc1O,14000.0,MOL_0033
Brc1cccc(Nc2ncnc3ccc(N/N=N/Cc4ccccn4)cc23)c1,238.0,MOL_0034
Brc1cccc(Nc2ncnc3ccc(N/N=N/CCN4CCOCC4)cc23)c1,64.0,MOL_0035
N#CC(C#N)=C1C(=O)NC(=O)NC1=O,1400000.0,MOL_0036
N#CC(C#N)=Cc1ccc(C(=O)O)cc1,430000.0,MOL_0037
O=C1Nc2ncnc(Nc3ccc(F)c(Cl)c3)c2/C1=C/c1ccc(C(=O)NCCN2CCOCC2)[nH]1,22.0,MOL_0038
N#CC(C#N)=C(O)c1cc(O)c(O)c(O)c1,13500.0,MOL_0039
Cc1cc(C(=O)N2CCOCC2)[nH]c1/C=C1\C(=O)Nc2ncnc(Nc3ccc4c(ccn4Cc4ccccc4)c3)c21,4.5,MOL_0040
Cc1cc(C(=O)N2CCOCC2)[nH]c1/C=C1\C(=O)Nc2ncnc(Nc3ccc4c(ccn4Cc4ccccc4)c3)c21,100.0,MOL_0041
Nc1ccc2ncnc(NCc3ccccc3)c2c1,508.0,MOL_0042
N#CC(C#N)=Cc1ccc([N+](=O)[O-])c(O)c1,450000.0,MOL_0043
CCN(CC)CCNC(=O)c1c(C)[nH]c(/C=C2\C(=O)Nc3ncnc(Nc4ccc(F)c(Cl)c4)c32)c1C,200.0,MOL_0044
Cc1cc(/C=C2\C(=O)Nc3ncnc(Nc4ccc(F)c(Cl)c4)c32)[nH]c1C(=O)N1CCN(C)CC1,210.0,MOL_0045
Cc1cc(C(=O)N2CCOCC2)[nH]c1/C=C1\C(=O)Nc2ncnc(Nc3ccc4c(c3)CCC4)c21,1410.0,MOL_0046
Cc1cc(C(=O)N2CCOCC2)[nH]c1/C=C1\C(=O)Nc2ncnc(Nc3ccc4c(c3)CCC4)c21,5000.0,MOL_0047
Cc1cc(C(=O)N2CCOCC2)[nH]c1/C=C1\C(=O)Nc2ncnc(Nc3ccc4c(c3)CCC4)c21,4320.0,MOL_0048
N#C/C(=C\c1ccc(F)cc1)C(=O)O,833000.0,MOL_0049
N#C/C(=C\c1ccc(C=O)cc1)C(=O)O,47000.0,MOL_0050
O=C(O)/C=C/c1ccc(O)c(O)c1,1200000.0,MOL_0051
Cc1cc(C(=O)NCCN2CCOCC2)[nH]c1/C=C1\C(=O)Nc2ncnc(Nc3ccc(F)c(Cl)c3)c21,6.5,MOL_0052
Cc1cc(C(=O)NCCN2CCOCC2)[nH]c1/C=C1\C(=O)Nc2ncnc(Nc3ccc(F)c(Cl)c3)c21,40.0,MOL_0053
Cc1cc(C(=O)NCCN2CCOCC2)[nH]c1/C=C1\C(=O)Nc2ncnc(Nc3ccc(F)c(Cl)c3)c21,2050.0,MOL_0054
CN(c1ccccc1)c1ncnc2ccc(N)cc12,8400.0,MOL_0055
COc1cc(/C(C)=C(\C#N)C(=O)O)ccc1O,1100000.0,MOL_0056
N#CC(C#N)=Cc1ccc(O)cc1,560000.0,MOL_0057
N#CC(C#N)Cc1ccc(O)cc1,6500000.0,MOL_0058
CCN1CCN(C(=O)c2cc(C)c(/C=C3\C(=O)Nc4ncnc(Nc5ccc(F)c(Cl)c5)c43)[nH]2)CC1,13.0,MOL_0059
CCN1CCN(C(=O)c2cc(C)c(/C=C3\C(=O)Nc4ncnc(Nc5ccc(F)c(Cl)c5)c43)[nH]2)CC1,200.0,MOL_0060
CCN1CCN(C(=O)c2cc(C)c(/C=C3\C(=O)Nc4ncnc(Nc5ccc(F)c(Cl)c5)c43)[nH]2)CC1,7500.0,MOL_0061
N#C/C(=C\c1ccc(O)cc1)C(N)=O,800000.0,MOL_0062
N#CC(C#N)=Cc1ccc(C=O)cc1,60000.0,MOL_0063
N#CC(C#N)=Cc1cc(O)cc(O)c1,37000.0,MOL_0064
COc1ccc(/C=C(\C#N)C(=O)O)cc1,833000.0,MOL_0065
Cc1cc(C(=O)O)[nH]c1/C=C1\C(=O)Nc2ncnc(Nc3ccc(F)c(Cl)c3)c21,29.0,MOL_0066
COc1cc(/C=C(\C#N)C(=O)O)ccc1O,325000.0,MOL_0067
COc1cc(C=C(C#N)C#N)cc(O)c1O,6000.0,MOL_0068
Nc1ccc2ncnc(Nc3cccc(Cl)c3)c2c1,200.0,MOL_0069
Nc1ccc2ncnc(Nc3cccc(Br)c3)c2c1,44.0,MOL_0070
COc1ccc(C(O)=C(C#N)C#N)cc1,450000.0,MOL_0071
N#C/C(=C/c1cc(O)ccc1O)C(=O)O,75000.0,MOL_0072
Cc1cc(CCC(=O)O)[nH]c1/C=C1\C(=O)Nc2ncnc(Nc3ccc(F)c(Cl)c3)c21,4.7,MOL_0073
Cc1cc(C(=O)N2CCOCC2)[nH]c1/C=C1\C(=O)Nc2ncnc(Nc3ccc4c(cnn4Cc4ccccc4)c3)c21,1.8,MOL_0074
Cc1cc(C(=O)N2CCOCC2)[nH]c1/C=C1\C(=O)Nc2ncnc(Nc3ccc4c(cnn4Cc4ccccc4)c3)c21,100.0,MOL_0075
N#CC(C#N)=Cc1ccc(NC(=O)CCC(=O)O)cc1,640000.0,MOL_0076
N#CC(C#N)=NNc1ccc(O)cc1,225000.0,MOL_0077
N#CC(C#N)=Cc1ccc2c(c1)OCO2,350000.0,MOL_0078
CN(C)/N=N/c1ccc2ncnc(Nc3cccc(Br)c3)c2c1,11.0,MOL_0079
CCCCc1cc(/C=C(\C#N)C(N)=O)cc(CCCC)c1O,55000.0,MOL_0080
COc1cc(/C=C(\C#N)C(N)=C(C#N)C#N)cc(O)c1O,1200.0,MOL_0081
N#CC(C#N)=Cc1ccc(/C=C/C(=O)O)cc1,450000.0,MOL_0082
Cc1cc(C(=O)N2CCN(C)CC2)[nH]c1/C=C1\C(=O)Nc2ncnc(Nc3ccc(F)c(Cl)c3)c21,2.8,MOL_0083
Cc1cc(C(=O)N2CCN(C)CC2)[nH]c1/C=C1\C(=O)Nc2ncnc(Nc3ccc(F)c(Cl)c3)c21,100.0,MOL_0084
Cc1cc(C(=O)N2CCN(C)CC2)[nH]c1/C=C1\C(=O)Nc2ncnc(Nc3ccc(F)c(Cl)c3)c21,750.0,MOL_0085
C#Cc1cccc(Nc2ncnc3c2/C(=C/c2[nH]c(C(=O)NCCN4CCOCC4)cc2C)C(=O)N3)c1,18.0,MOL_0086
C#Cc1cccc(Nc2ncnc3c2/C(=C/c2[nH]c(C(=O)NCCN4CCOCC4)cc2C)C(=O)N3)c1,40.0,MOL_0087
C#Cc1cccc(Nc2ncnc3c2/C(=C/c2[nH]c(C(=O)NCCN4CCOCC4)cc2C)C(=O)N3)c1,620.0,MOL_0088
Nc1ncnc2c1c(-c1ccc(Oc3ccccc3)cc1)cn2C1CCCC1,3200.0,MOL_0089
N#CC(C#N)=Cc1cc[n+]([O-])cc1,1300000.0,MOL_0090
COc1cc(C=C(C#N)C#N)ccc1O,200000.0,MOL_0091
CCN(CC)CCNC(=O)c1cc(C)c(/C=C2\C(=O)Nc3ncnc(Nc4ccc(F)c(Cl)c4)c32)[nH]1,1.2,MOL_0092
CCN(CC)CCNC(=O)c1cc(C)c(/C=C2\C(=O)Nc3ncnc(Nc4ccc(F)c(Cl)c4)c32)[nH]1,200.0,MOL_0093
CCN(CC)CCNC(=O)c1cc(C)c(/C=C2\C(=O)Nc3ncnc(Nc4ccc(F)c(Cl)c4)c32)[nH]1,1290.0,MOL_0094
C/N=N/Nc1ccc2ncnc(Nc3cccc(C)c3)c2c1,200.0,MOL_0095
C/N=N/Nc1ccc2ncnc(Nc3cccc(Br)c3)c2c1,39.0,MOL_0096
CN(C)/N=N/c1ccc2ncnc(NCc3ccccc3)c2c1,482.0,MOL_0097
N#CC(C#N)=C(N)/C(C#N)=C/c1cc(O)c(O)c(O)c1,800.0,MOL_0098
N#CC(C#N)=Cc1cc2c(cc1[N+](=O)[O-])OCO2,560000.0,MOL_0099
N#C/C(=C\c1ccccc1)C(=O)O,850000.0,MOL_0100
N#CC(C#N)=C(N)/C(C#N)=C/c1ccc(O)c(O)c1,2500.0,MOL_0101
N#CC(C#N)=Cc1ccc[nH]1,260000.0,MOL_0102
Cc1c(C(=O)N2CCN(C)CC2)c[nH]c1/C=C1\C(=O)Nc2ncnc(Nc3ccc(F)c(Cl)c3)c21,410.0,MOL_0103
Cc1cc(C(=O)N2CC(C)NC(C)C2)[nH]c1/C=C1\C(=O)Nc2ncnc(Nc3ccc(F)c(Cl)c3)c21,5.9,MOL_0104
Cc1cc(C(=O)N2CC(C)NC(C)C2)[nH]c1/C=C1\C(=O)Nc2ncnc(Nc3ccc(F)c(Cl)c3)c21,2580.0,MOL_0105
CN(C)CC/N=N/Nc1ccc2ncnc(Nc3cccc(Br)c3)c2c1,38.0,MOL_0106
C/N=N/Nc1ccc2ncnc(NCc3ccccc3)c2c1,335.0,MOL_0107
Brc1cccc(Nc2ncnc3ccc(N/N=N/Cc4ccccc4)cc23)c1,25.0,MOL_0108
N#C/C(=C\c1ccc(O)c(O)c1)C(N)=S,2400.0,MOL_0109
CC(C)(C)c1cc(C=C(C#N)C#N)cc(C(C)(C)C)c1O,460000.0,MOL_0110
Cc1cc(C(=O)NCCN2CCOCC2)[nH]c1/C=C1\C(=O)Nc2ncnc(Nc3ccc4c(ccn4Cc4ccccc4)c3)c21,1.1,MOL_0111
Cc1cc(C(=O)NCCN2CCOCC2)[nH]c1/C=C1\C(=O)Nc2ncnc(Nc3ccc4c(ccn4Cc4ccccc4)c3)c21,200.0,MOL_0112
Cc1cc(C(=O)NCCN2CCOCC2)[nH]c1/C=C1\C(=O)Nc2ncnc(Nc3ccc4c(ccn4Cc4ccccc4)c3)c21,1950.0,MOL_0113
O=C(O)C(=Cc1ccc(O)cc1)C(=O)O,1500000.0,MOL_0114
COc1cc(C=C(C#N)C#N)cc([N+](=O)[O-])c1O,160000.0,MOL_0115
Cc1[nH]c(/C=C2\C(=O)Nc3ncnc(Nc4ccc(F)c(Cl)c4)c32)c(C)c1CCC(=O)O,180.0,MOL_0116
CCN(CC)CCNC(=O)c1cc(C)c(/C=C2\C(=O)Nc3ncnc(Nc4ccc(Cl)cc4F)c32)[nH]1,450.0,MOL_0117
CCN(CC)CCNC(=O)c1cc(C)c(/C=C2\C(=O)Nc3ncnc(Nc4ccc(Cl)cc4F)c32)[nH]1,500.0,MOL_0118
Cc1cccc(Nc2ncnc3ccc(/N=N/N(C)C)cc23)c1,24.0,MOL_0119
N#CC(C#N)=Cc1cccc(O)c1,375000.0,MOL_0120
COCC/N=N/Nc1ccc2ncnc(Nc3cccc(Br)c3)c2c1,71.0,MOL_0121
N#C/C(=C\c1ccc(O)c(O)c1)C(=O)O,25000.0,MOL_0122
N#CC(C#N)=C(O)c1ccc(O)cc1,230000.0,MOL_0123
N#CC(C#N)=C(N)/C(C#N)=C/c1cc(O)c(O)c(Br)c1,500.0,MOL_0124
N#C/C=C/c1ccc(O)cc1,2400000.0,MOL_0125
COc1cc(C=C(C#N)C#N)cc(Br)c1O,153000.0,MOL_0126
COc1cccc(-c2ccc3c(c2)NC(=O)/C3=C\c2[nH]c3c(c2CCC(=O)O)CCCC3)c1,8880.0,MOL_0127
COc1cc(Nc2c(C#N)cnc3cc(-c4ccc(CN5CCOCC5)cc4)ccc23)c(Cl)cc1Cl,3000.0,MOL_0128
O=C(O)CCc1c(/C=C2\C(=O)Nc3ccc(C(=O)O)cc32)[nH]c2c1CCCC2,56500.0,MOL_0129
NS(=O)(=O)c1ccc2c(c1)/C(=C/c1[nH]c3c(c1CCC(=O)O)CCCC3)C(=O)N2,29100.0,MOL_0130
C=CC(=O)N(CCN(C)C)c1cc2c(Nc3cccc(Br)c3)ncnc2cn1,4.2,MOL_0131
C=CC(=O)N(CCN(C)C)c1cc2c(Nc3cccc(Br)c3)ncnc2cn1,2282.0,MOL_0132
Cc1cccc(Nc2ncnc3cnc(N(C)C)nc23)c1,4.0,MOL_0133
Cc1cccc(Nc2ncnc3cnc(Cl)nc23)c1,380.0,MOL_0134
C=CC(=O)N(CCCN1CCOCC1)c1ccc2ncnc(Nc3cccc(Br)c3)c2c1,3.3,MOL_0135
C=CC(=O)N(CCCN1CCOCC1)c1ccc2ncnc(Nc3cccc(Br)c3)c2c1,194.0,MOL_0136
CCn1c(=O)c(-c2c(Cl)cccc2Cl)cc2cnc(Nc3ccccc3)nc21,200.0,MOL_0137
Cn1c(=O)c(-c2c(Cl)cccc2Cl)cc2cnc(Nc3cccc(Br)c3)nc21,670.0,MOL_0138
COc1cccc(Nc2ncc3cc(-c4c(Cl)cccc4Cl)c(=O)n(C)c3n2)c1,30.0,MOL_0139
O=C(/C=C/C(=O)Nc1cc2c(Nc3cccc(Br)c3)ncnc2cn1)NCCCN1CCOCC1,0.81,MOL_0140
O=C(/C=C/C(=O)Nc1cc2c(Nc3cccc(Br)c3)ncnc2cn1)NCCCN1CCOCC1,8.8,MOL_0141
O=C(/C=C/C(=O)Nc1cc2c(Nc3cccc(Br)c3)ncnc2cn1)NCCCN1CCOCC1,8.8,MOL_0142
COc1ncc2ncnc(Nc3cccc(Br)c3)c2n1,3.8,MOL_0143
COc1cc2ncnc(Nc3ccc(F)c(Cl)c3)c2cc1OCCCN1CCOCC1,515.0,MOL_0144
C#Cc1cccc(Nc2c(C#N)cnc3cc(OCCOC)c(OCCOC)cc23)c1,850.0,MOL_0145
Cc1cccc(Nc2ncnc3cnc(N)nc23)c1,17.0,MOL_0146
COc1cccc2c(C(=O)Nc3ccccc3)c(SSc3c(C(=O)Nc4ccccc4)c4cccc(OC)c4n3C)n(C)c12,6500.0,MOL_0147
COC(=O)c1cccc(NCc2cc(O)ccc2O)c1,9000.0,MOL_0148
C=CC(=O)Nc1cc2c(Nc3ccc(F)c(Cl)c3)ncnc2cc1OCCCN1CCOCC1.Cl.Cl,1.5,MOL_0149
C=CC(=O)Nc1cc2c(Nc3ccc(F)c(Cl)c3)ncnc2cc1OCCCN1CCOCC1.Cl.Cl,7.4,MOL_0150
C=CC(=O)Nc1cc2c(Nc3ccc(F)c(Cl)c3)ncnc2cc1OCCCN1CCOCC1.Cl.Cl,7.4,MOL_0151
COc1ccc(Nc2ncc3cc(-c4c(Cl)cccc4Cl)c(=O)n(C)c3n2)cn1,1300.0,MOL_0152
CNc1ncc2ncnc(Nc3cccc(C)c3)c2n1,4.3,MOL_0153
COC(=O)c1cc(NCc2ccccc2O)ccc1O,20000.0,MOL_0154
CCOC(=O)/C=C/C(=O)Nc1cc2c(Nc3cccc(Br)c3)ncnc2cn1,1.5,MOL_0155
CCOC(=O)/C=C/C(=O)Nc1cc2c(Nc3cccc(Br)c3)ncnc2cn1,51.0,MOL_0156
COc1ccc(Nc2ncc3cc(-c4c(Cl)cccc4Cl)c(=O)n(C)c3n2)cc1C,250.0,MOL_0157
Brc1cccc(Nc2ncnc3cnc(NCCCN4CCOCC4)nc23)c1,2.9,MOL_0158
Cn1c(SSc2c(C(=O)Nc3ccccc3)c3ccccc3n2C)c(C(=O)Nc2ccccc2)c2ccccc21,10000.0,MOL_0159
CN1CCN(CCCCCNc2ncc3cc(-c4c(Cl)cccc4Cl)c(=O)n(C)c3n2)CC1,4500.0,MOL_0160
Cn1c(=O)c(-c2c(Cl)cccc2Cl)cc2cnc(Nc3cccc(CO)c3)nc21,90.0,MOL_0161
Brc1cccc(Nc2ncnc3cnc(NCCN4CCOCC4)nc23)c1,0.81,MOL_0162
Brc1cccc(Nc2ncnc3cnc(NCCN4CCOCC4)nc23)c1,3.1,MOL_0163
O=C(CCc1c(SSc2[nH]c3ccccc3c2CCC(=O)NCc2ccccc2)[nH]c2ccccc12)NCc1ccccc1,850.0,MOL_0164
CNc1ncc2ncnc(Nc3ccccc3)c2n1,13.0,MOL_0165
O=C1NC(=O)c2cc(Nc3ccc(O)cc3)c(Nc3ccc(O)cc3)cc21,2500.0,MOL_0166
C=CC(=O)Nc1ccc2ncnc(Nc3cccc(Br)c3)c2c1,0.7,MOL_0167
C=CC(=O)Nc1ccc2ncnc(Nc3cccc(Br)c3)c2c1,2.7,MOL_0168
C/C=C/C(=O)Nc1cc2c(Nc3cccc(Br)c3)ncnc2cn1,0.5,MOL_0169
C/C=C/C(=O)Nc1cc2c(Nc3cccc(Br)c3)ncnc2cn1,7.7,MOL_0170
Cn1c(SSc2c(C(=O)Nc3ccccc3)c3cc(C#N)ccc3n2C)c(C(=O)Nc2ccccc2)c2cc(C#N)ccc21,54100.0,MOL_0171
Cn1c(SSc2c(C(=O)Nc3ccccc3)c3cccc(O)c3n2C)c(C(=O)Nc2ccccc2)c2cccc(O)c21,100000.0,MOL_0172
C=CC(=O)N(C)c1cc2c(Nc3cccc(Br)c3)ncnc2cn1,0.17,MOL_0173
C=CC(=O)N(C)c1cc2c(Nc3cccc(Br)c3)ncnc2cn1,13.0,MOL_0174
CCN(CC)CCCNC(=O)/C=C/C(=O)Nc1cc2c(Nc3cccc(Br)c3)ncnc2cn1,0.73,MOL_0175
CCN(CC)CCCNC(=O)/C=C/C(=O)Nc1cc2c(Nc3cccc(Br)c3)ncnc2cn1,21.0,MOL_0176
CCN(CC)CCCNC(=O)/C=C/C(=O)Nc1cc2c(Nc3cccc(Br)c3)ncnc2cn1,21.0,MOL_0177
Cn1c(SSc2c(C(=O)Nc3ccccc3)c3cc([N+](=O)[O-])ccc3n2C)c(C(=O)Nc2ccccc2)c2cc([N+](=O)[O-])ccc21,5000.0,MOL_0178
C=CC(=O)N(CCCN1CCOCC1)c1cc2c(Nc3cccc(Br)c3)ncnc2cn1,2.7,MOL_0179
C=CC(=O)N(CCCN1CCOCC1)c1cc2c(Nc3cccc(Br)c3)ncnc2cn1,156.0,MOL_0180
COc1cc(Nc2ncc3cc(-c4c(Cl)cccc4Cl)c(=O)n(C)c3n2)cc(OC)c1,330.0,MOL_0181
Clc1ncc2ncnc(Nc3cccc(Br)c3)c2n1,82.0,MOL_0182
CN1C(=S)C(C(=O)Nc2ccccc2)c2ccccc21,1000.0,MOL_0183
COC(=O)c1cc(NCc2cccc(O)c2)ccc1O,21000.0,MOL_0184
CNc1ncc2ncnc(Nc3cccc(Br)c3)c2n1,0.76,MOL_0185
CNc1ncc2ncnc(Nc3cccc(Br)c3)c2n1,30.0,MOL_0186
C=C(C)C(=O)Nc1cc2c(Nc3cccc(Br)c3)ncnc2cn1,1.6,MOL_0187
C=C(C)C(=O)Nc1cc2c(Nc3cccc(Br)c3)ncnc2cn1,44.0,MOL_0188
C/C=C/C(=O)Nc1ccc2ncnc(Nc3cccc(Br)c3)c2c1,0.55,MOL_0189
C/C=C/C(=O)Nc1ccc2ncnc(Nc3cccc(Br)c3)c2c1,8.7,MOL_0190
Nc1ncc2ncnc(Nc3cccc(Br)c3)c2n1,1.5,MOL_0191
Cc1cccc(Nc2ncnc3cnc(NCCN4CCOCC4)nc23)c1,2.3,MOL_0192
Clc1ncc2ncnc(Nc3ccccc3)c2n1,2550.0,MOL_0193
C=CC(=O)Nc1cc2c(Nc3ccc(F)c(Cl)c3)ncnc2cc1OCCCN1CCOCC1,74.0,MOL_0194
CCOC(=O)/C=C/C(=O)Nc1ccc2ncnc(Nc3cccc(Br)c3)c2c1,2.7,MOL_0195
CCOC(=O)/C=C/C(=O)Nc1ccc2ncnc(Nc3cccc(Br)c3)c2c1,64.0,MOL_0196
O=C(/C=C/C(=O)Nc1cc2c(Nc3ccc(F)c(Cl)c3)ncnc2cn1)NCCCN1CCOCC1,0.61,MOL_0197
O=C(/C=C/C(=O)Nc1cc2c(Nc3ccc(F)c(Cl)c3)ncnc2cn1)NCCCN1CCOCC1,14.0,MOL_0198
O=C(/C=C/C(=O)Nc1cc2c(Nc3ccc(F)c(Cl)c3)ncnc2cn1)NCCCN1CCOCC1,14.0,MOL_0199
Cn1c(=O)c(-c2c(Cl)cccc2Cl)cc2cnc(Nc3cccc(O)c3)nc21,150.0,MOL_0200
CCOC(=O)CCCc1ccc(Nc2ncc3cc(-c4c(Cl)cccc4Cl)c(=O)n(C)c3n2)cc1,700.0,MOL_0201
Brc1cccc(Nc2ncnc3cnc(NCCc4c[nH]cn4)nc23)c1,0.25,MOL_0202
Brc1cccc(Nc2ncnc3cnc(NCCc4c[nH]cn4)nc23)c1,5.1,MOL_0203
CN(C)c1cc2c(Nc3cccc(Br)c3)ncnc2cn1,2.6,MOL_0204
CN(C)c1cc2c(Nc3cccc(Br)c3)ncnc2cn1,12.0,MOL_0205
O=C(/C=C/Cl)Nc1cc2c(Nc3cccc(Br)c3)ncnc2cn1,0.69,MOL_0206
O=C(/C=C/Cl)Nc1cc2c(Nc3cccc(Br)c3)ncnc2cn1,20.0,MOL_0207
CC(=O)/C=C/C(=O)Nc1ccc2ncnc(Nc3cccc(Br)c3)c2c1,1.2,MOL_0208
CC(=O)/C=C/C(=O)Nc1ccc2ncnc(Nc3cccc(Br)c3)c2c1,1039.0,MOL_0209
C=CS(=O)(=O)Nc1ccc2ncnc(Nc3cccc(Br)c3)c2c1,1.4,MOL_0210
C=CS(=O)(=O)Nc1ccc2ncnc(Nc3cccc(Br)c3)c2c1,2.7,MOL_0211
Cc1cccc(Nc2ncnc3cnc(NCCc4c[nH]cn4)nc23)c1,3.0,MOL_0212
O=c1c(-c2ccc(O)cc2)coc2cc(O)cc(O)c12,1000.0,MOL_0213
CN(C)CCCNC(=O)/C=C/C(=O)N(C)c1cc2c(Nc3cccc(Br)c3)ncnc2cn1,1.45,MOL_0214
CN(C)CCCNC(=O)/C=C/C(=O)N(C)c1cc2c(Nc3cccc(Br)c3)ncnc2cn1,193.0,MOL_0215
C=CS(=O)(=O)c1cc2c(Nc3cccc(Br)c3)ncnc2cn1,0.43,MOL_0216
COc1ccc(Nc2ncc3cc(-c4c(Cl)cccc4Cl)c(=O)n(C)c3n2)cc1,220.0,MOL_0217
CNc1ccc2ncnc(Nc3cccc(Br)c3)c2n1,3.1,MOL_0218
CNc1ccc2ncnc(Nc3cccc(Br)c3)c2n1,20.0,MOL_0219
C=CC(=O)Nc1cc2c(Nc3ccc(F)c(Cl)c3)c(C#N)cnc2cc1OCCCN1CCOCC1,80.0,MOL_0220
COC(=O)c1cc(NCc2cc(O)ccc2O)ccc1O,9000.0,MOL_0221
O=C1NC(=O)c2cc(Nc3ccccc3)c(Nc3ccccc3)cc21,300.0,MOL_0222
CN(c1ccccc1)c1cc2c(cc1Nc1ccccc1)C(=O)NC2=O,8700.0,MOL_0223
CN(C)c1cc2c(Nc3cccc(Br)c3)ncnc2cn1,0.006,MOL_0224
CN(C)c1cc2c(Nc3cccc(Br)c3)ncnc2cn1,21.0,MOL_0225
CC(=O)Oc1ccc2c(c1)c(C(=O)Nc1ccccc1)c(SSc1c(C(=O)Nc3ccccc3)c3cc(OC(C)=O)ccc3n1C)n2C,5300.0,MOL_0226
O=S(=O)(CCO)c1cc2c(Nc3cccc(Br)c3)ncnc2cn1,93.5,MOL_0227
Cn1c(=O)c(-c2c(Cl)cccc2Cl)cc2cnc(Nc3ccc(CC(=O)O)cc3)nc21,220.0,MOL_0228
COc1ccccc1Nc1ncc2cc(-c3c(Cl)cccc3Cl)c(=O)n(C)c2n1,66.0,MOL_0229
Brc1cccc(Nc2ncnc3cnc(NCCCn4ccnc4)nc23)c1,2.3,MOL_0230
COC(=O)c1cc(NCc2cc(O)ccc2O)ccc1OC,9500.0,MOL_0231
Cn1c(=O)c(-c2c(Cl)cccc2Cl)cc2cnc(NCCCCCC(=O)O)nc21,1000.0,MOL_0232
C#Cc1cccc(Nc2ncnc3cc(OCCOC)c(OCCOC)cc23)c1,1450.0,MOL_0233
C=C(C)C(=O)Nc1ccc2ncnc(Nc3cccc(Br)c3)c2c1,1.2,MOL_0234
C=C(C)C(=O)Nc1ccc2ncnc(Nc3cccc(Br)c3)c2c1,16.0,MOL_0235
Cn1c(=O)c(-c2c(Cl)cccc2Cl)cc2cnc(Nc3cccc(C(=O)O)c3)nc21,190.0,MOL_0236
CN(C)c1ccc2ncnc(Nc3cccc(Br)c3)c2c1,84.0,MOL_0237
CN(C)c1ccc2ncnc(Nc3cccc(Br)c3)c2n1,9.6,MOL_0238
CN(C)c1ccc2ncnc(Nc3cccc(Br)c3)c2n1,32.0,MOL_0239
Nc1cc2c(Nc3cccc(Br)c3)ncnc2cn1,0.13,MOL_0240
Nc1cc2c(Nc3cccc(Br)c3)ncnc2cn1,16.0,MOL_0241
Cn1c(SSc2c(C(=O)Nc3ccccc3)c3ccc(O)cc3n2C)c(C(=O)Nc2ccccc2)c2ccc(O)cc21,44000.0,MOL_0242
COC(=O)c1ccc(NCc2cc(O)ccc2O)cc1O,10000.0,MOL_0243
Cc1ccc(Nc2cc3c(cc2Nc2ccc(C)cc2)C(=O)NC3=O)cc1,2500.0,MOL_0244
Cc1ccc(Nc2cc3c(cc2Nc2ccc(C)cc2)C(=O)NC3=O)cc1,4500.0,MOL_0245
CN(C)CCCNC(=O)/C=C/C(=O)Nc1cc2c(Nc3cccc(Br)c3)ncnc2cn1,1.1,MOL_0246
CN(C)CCCNC(=O)/C=C/C(=O)Nc1cc2c(Nc3cccc(Br)c3)ncnc2cn1,57.0,MOL_0247
CN(C)CCCNC(=O)/C=C/C(=O)Nc1cc2c(Nc3cccc(Br)c3)ncnc2cn1,57.0,MOL_0248
Cn1c(=O)c(-c2c(Cl)cccc2Cl)cc2cnc(Nc3cccnc3)nc21,510.0,MOL_0249
COc1cc2ncc(C#N)c(Nc3ccc(F)c(Cl)c3)c2cc1OCCCN1CCOCC1,1040.0,MOL_0250
CC(=O)Oc1cccc2c1c(C(=O)Nc1ccccc1)c(SSc1c(C(=O)Nc3ccccc3)c3c(OC(C)=O)cccc3n1C)n2C,20000.0,MOL_0251
O=C(/C=C/c1ccccc1)Nc1cc2c(Nc3cccc(Br)c3)ncnc2cn1,9.1,MOL_0252
O=C(/C=C/c1ccccc1)Nc1cc2c(Nc3cccc(Br)c3)ncnc2cn1,77.0,MOL_0253
Cn1c(=O)c(-c2c(Cl)cccc2Cl)cc2cnc(N)nc21,5600.0,MOL_0254
COc1ccc2ncnc(Nc3cccc(Br)c3)c2n1,4.3,MOL_0255
Cn1c(SSc2c(C(=O)Nc3ccccc3)c3cc(O)ccc3n2C)c(C(=O)Nc2ccccc2)c2cc(O)ccc21,40500.0,MOL_0256
Cn1c(SSc2c(C(=O)Nc3ccccc3)c3cccnc3n2C)c(C(=O)Nc2ccccc2)c2cccnc21,22300.0,MOL_0257
C=CC(=O)Nc1cc2c(Nc3cccc(Br)c3)ncnc2cn1,0.91,MOL_0258
C=CC(=O)Nc1cc2c(Nc3cccc(Br)c3)ncnc2cn1,3.4,MOL_0259
O=C(/C=C/C(F)(F)F)Nc1ccc2ncnc(Nc3cccc(Br)c3)c2c1,1.75,MOL_0260
O=C(/C=C/C(F)(F)F)Nc1ccc2ncnc(Nc3cccc(Br)c3)c2c1,35.0,MOL_0261
C=C=CC(=O)Nc1ccc2ncnc(Nc3cccc(Br)c3)c2c1,1.6,MOL_0262
C=C=CC(=O)Nc1ccc2ncnc(Nc3cccc(Br)c3)c2c1,120.0,MOL_0263
CCn1c(=O)c(-c2c(Cl)cccc2Cl)cc2cnc(Nc3ccncc3)nc21,490.0,MOL_0264
CCN(CC)CCCNc1ncc2cc(-c3c(Cl)cccc3Cl)c(=O)n(C)c2n1,1400.0,MOL_0265
CN1CCN(CCCCNc2ncc3cc(-c4c(Cl)cccc4Cl)c(=O)n(C)c3n2)CC1,210.0,MOL_0266
CN(C)c1ncc2ncnc(Nc3cccc(Br)c3)c2n1,0.95,MOL_0267
CN(C)c1ncc2ncnc(Nc3cccc(Br)c3)c2n1,22.0,MOL_0268
Cn1c(SSc2c(C(=O)Nc3ccccc3)c3cc(Cl)ccc3n2C)c(C(=O)Nc2ccccc2)c2cc(Cl)ccc21,4300.0,MOL_0269
CN(C)CCCOC(=O)/C=C/C(=O)Nc1ccc2ncnc(Nc3cccc(Br)c3)c2c1,2.4,MOL_0270
CN(C)CCCOC(=O)/C=C/C(=O)Nc1ccc2ncnc(Nc3cccc(Br)c3)c2c1,108.0,MOL_0271
CN(C)CCCOC(=O)/C=C/C(=O)Nc1ccc2ncnc(Nc3cccc(Br)c3)c2c1,108.0,MOL_0272
C=C[S+]([O-])c1cc2c(Nc3cccc(Br)c3)ncnc2cn1,4.6,MOL_0273
C=C[S+]([O-])c1cc2c(Nc3cccc(Br)c3)ncnc2cn1,340.0,MOL_0274
CNc1ncc2cc(-c3c(Cl)cccc3Cl)c(=O)n(C)c2n1,7500.0,MOL_0275
C=C/C=C/C(=O)Nc1cc2c(Nc3cccc(Br)c3)ncnc2cn1,1.1,MOL_0276
C=C/C=C/C(=O)Nc1cc2c(Nc3cccc(Br)c3)ncnc2cn1,27.0,MOL_0277
C=CS(=O)(=O)Nc1cc2c(Nc3cccc(Br)c3)ncnc2cn1,0.76,MOL_0278
C=CS(=O)(=O)Nc1cc2c(Nc3cccc(Br)c3)ncnc2cn1,2.4,MOL_0279
Cn1c(=O)c(-c2c(Cl)cccc2Cl)cc2cnc(Nc3ccc(CCCC(=O)O)cc3)nc21,80.0,MOL_0280
Cn1c(=O)c(-c2c(Cl)cccc2Cl)cc2cnc(Nc3ccncc3)nc21,910.0,MOL_0281
O=C(O)c1cc(NCc2cc(O)ccc2O)ccc1O,92000.0,MOL_0282
O=C(O)/C=C/C(=O)Nc1ccc2ncnc(Nc3cccc(Br)c3)c2c1,0.37,MOL_0283
Cn1c(=O)c(-c2c(Cl)cccc2Cl)cc2cnc(Nc3ccccc3)nc21,260.0,MOL_0284
Nc1ccc2ncnc(Nc3cccc(Br)c3)c2c1,0.78,MOL_0285
CNc1ccc2ncnc(Nc3cccc(Br)c3)c2c1,11.0,MOL_0286
Cn1c(SSc2c(C(=O)Nc3ccccc3)c3cc(Br)ccc3n2C)c(C(=O)Nc2ccccc2)c2cc(Br)ccc21,11400.0,MOL_0287
COc1ccc2c(C(=O)Nc3ccccc3)c(SSc3c(C(=O)Nc4ccccc4)c4ccc(OC)cc4n3C)n(C)c2c1,3600.0,MOL_0288
O=C(/C=C/C(=O)Nc1cc2c(Nc3cccc(Br)c3)ncnc2cn1)NCCCn1ccnc1,0.56,MOL_0289
O=C(/C=C/C(=O)Nc1cc2c(Nc3cccc(Br)c3)ncnc2cn1)NCCCn1ccnc1,14.0,MOL_0290
O=C(/C=C/C(=O)Nc1cc2c(Nc3cccc(Br)c3)ncnc2cn1)NCCCn1ccnc1,14.0,MOL_0291
CN1CCN(CCCNc2ncc3cc(-c4c(Cl)cccc4Cl)c(=O)n(C)c3n2)CC1,8700.0,MOL_0292
CN(C)CCNc1ncc2ncnc(Nc3cccc(Br)c3)c2n1,35.0,MOL_0293
CC(=O)Oc1cccc2c(C(=O)Nc3ccccc3)c(SSc3c(C(=O)Nc4ccccc4)c4cccc(OC(C)=O)c4n3C)n(C)c12,9900.0,MOL_0294
CCNc1ncc2cc(-c3c(Cl)cccc3Cl)c(=O)n(C)c2n1,4500.0,MOL_0295
Cc1ccc(Nc2ncc3cc(-c4c(Cl)cccc4Cl)c(=O)n(C)c3n2)cc1,480.0,MOL_0296
COc1ccc2ncnc(Nc3cccc(Br)c3)c2c1,30.0,MOL_0297
O=C1NC(=O)c2cc(Nc3ccc(F)cc3)c(Nc3ccc(F)cc3)cc21,700.0,MOL_0298
O=C1NC(=O)c2cc(Nc3ccc(F)cc3)c(Nc3ccc(F)cc3)cc21,2200.0,MOL_0299
COc1ccc(Nc2cc3c(cc2Nc2ccccc2)C(=O)NC3=O)cc1,2000.0,MOL_0300
COc1ccc(Nc2cc3c(cc2Nc2ccccc2)C(=O)NC3=O)cc1,18000.0,MOL_0301
CN(C)CCCNC(=O)/C=C/C(=O)Nc1ccc2ncnc(Nc3cccc(Br)c3)c2c1,0.44,MOL_0302
CN(C)CCCNC(=O)/C=C/C(=O)Nc1ccc2ncnc(Nc3cccc(Br)c3)c2c1,59.0,MOL_0303
CN(C)CCCNC(=O)/C=C/C(=O)Nc1ccc2ncnc(Nc3cccc(Br)c3)c2c1,59.0,MOL_0304
CCOc1cc2ncc(C#N)c(Nc3ccc(F)c(Cl)c3)c2cc1NC(=O)/C=C/CN(C)C,83.0,MOL_0305
Cn1c(SSc2c(C(=O)Nc3ccccc3)c3c(Cl)cccc3n2C)c(C(=O)Nc2ccccc2)c2c(Cl)cccc21,100000.0,MOL_0306
CCN(CC)c1ccc(Nc2cc3c(cc2Nc2ccc(N(CC)CC)cc2)C(=O)NC3=O)cc1,50000.0,MOL_0307
CCCCNc1ncc2cc(-c3c(Cl)cccc3Cl)c(=O)n(C)c2n1,4400.0,MOL_0308
Nc1ccc2ncnc(Nc3cccc(Br)c3)c2n1,7.6,MOL_0309
Nc1ccc2ncnc(Nc3cccc(Br)c3)c2n1,53.0,MOL_0310
CNc1cc2c(Nc3cccc(Br)c3)ncnc2cn1,0.008,MOL_0311
CNc1cc2c(Nc3cccc(Br)c3)ncnc2cn1,15.0,MOL_0312
CN1CC[C@H](c2c(O)cc(O)c3c(=O)cc(-c4ccccc4Cl)oc23)[C@H](O)C1,7600.0,MOL_0313
Oc1ccc2ncnc(Nc3ccc(OCc4ccccc4)cc3)c2c1,98.0,MOL_0314
Oc1cc(O)c2nc(-c3ccc(O)c(O)c3)sc2c1,130000.0,MOL_0315
Brc1cccc(Nc2ncnc3cc4c(cnn4CCN4CCOCC4)cc23)c1,3.7,MOL_0316
Brc1cccc(Nc2ncnc3cc4c(cnn4CCN4CCOCC4)cc23)c1,192.0,MOL_0317
C#Cc1cccc(Nc2ncnc3cc(OCCOC)c(OCCOC)cc23)c1,1.0,MOL_0318
COc1cc2ncnc(Nc3ccc(F)c(Cl)c3)c2cc1OCCCN1CCOCC1,1.0,MOL_0319
COc1cc2ncnc(Nc3cccc(Br)c3)c2cc1OC,0.025,MOL_0320
CN(C)Cc1c[nH]c2cc3ncnc(Nc4cccc(Br)c4)c3cc12,2.6,MOL_0321
CN(C)Cc1c[nH]c2cc3ncnc(Nc4cccc(Br)c4)c3cc12,9.7,MOL_0322
Brc1cccc(Nc2ccnc3ccccc23)c1,5500.0,MOL_0323
CS(=O)(=O)CCNCCCCOc1ccc2ncnc(Nc3ccc(OCc4ccccc4)cc3)c2c1,74.0,MOL_0324
COc1ccc2ncnc(Nc3ccc(OCc4ccccc4)cc3)c2c1,68.0,MOL_0325
CS(=O)(=O)CCNCc1ccc(-c2ccc3ncnc(Nc4ccc(OCc5cccc(F)c5)c(Cl)c4)c3c2)o1,10.0,MOL_0326
O=C(O)Cn1ncc2cc3c(Nc4cccc(Br)c4)ncnc3cc21,53.0,MOL_0327
O=C(O)Cn1ncc2cc3c(Nc4cccc(Br)c4)ncnc3cc21,1196.0,MOL_0328
Brc1cccc(Nc2ncnc3cc4c(ccn4CCN4CCOCC4)cc23)c1,3.7,MOL_0329
Brc1cccc(Nc2ncnc3cc4c(ccn4CCN4CCOCC4)cc23)c1,16.0,MOL_0330
CCOc1cc2ncnc(Nc3cccc(Br)c3)c2cc1OCC,0.006,MOL_0331
O=C(NCCCCOc1ccc2ncnc(Nc3ccc(OCc4ccccc4)cc3)c2c1)C(F)(F)F,74.0,MOL_0332
Brc1cccc(Nc2ncnc3ccccc23)c1,27.0,MOL_0333
Oc1ccc(-c2nc3c(O)cc(O)cc3s2)cc1,300000.0,MOL_0334
CS(=O)(=O)CCNCCCCOc1ccc2ncnc(Nc3ccc(F)c(Cl)c3)c2c1,20.0,MOL_0335
CS(=O)(=O)CCNCCCCOc1ccc2ncnc(Nc3ccc(F)c(Cl)c3)c2c1,71.0,MOL_0336
O=c1c(O)c(-c2ccc(O)c(O)c2)oc2cc(O)cc(O)c12,190000.0,MOL_0337
OCC(O)Cn1ncc2cc3c(Nc4cccc(Br)c4)ncnc3cc21,12.0,MOL_0338
OCC(O)Cn1ncc2cc3c(Nc4cccc(Br)c4)ncnc3cc21,318.0,MOL_0339
CN(C)CCCn1ccc2cc3c(Nc4cccc(Br)c4)ncnc3cc21,21.0,MOL_0340
CN(C)CCCn1ccc2cc3c(Nc4cccc(Br)c4)ncnc3cc21,230.0,MOL_0341
CS(=O)(=O)CCNCCCCOc1ccc2ncnc(Nc3ccc(OCc4cccc(F)c4)c(Cl)c3)c2c1,27.0,MOL_0342
Cn1ncc2cc3c(Nc4cccc(Br)c4)ncnc3cc21,0.37,MOL_0343
Cn1ncc2cc3c(Nc4cccc(Br)c4)ncnc3cc21,13.0,MOL_0344
O=C(O)Cn1ccc2cc3c(Nc4cccc(Br)c4)ncnc3cc21,5.1,MOL_0345
O=C(O)Cn1ccc2cc3c(Nc4cccc(Br)c4)ncnc3cc21,1780.0,MOL_0346
CS(=O)(=O)CCNCCCOc1ccc2ncnc(Nc3ccc(OCc4ccccc4)cc3)c2c1,104.0,MOL_0347
CN(C)CCn1ccc2cc3c(Nc4cccc(Br)c4)ncnc3cc21,41.0,MOL_0348
CN(C)CCn1ccc2cc3c(Nc4cccc(Br)c4)ncnc3cc21,145.0,MOL_0349
COC(=O)CN(C)Cc1c[nH]c2cc3ncnc(Nc4cccc(Br)c4)c3cc12,3.4,MOL_0350
COC(=O)CN(C)Cc1c[nH]c2cc3ncnc(Nc4cccc(Br)c4)c3cc12,9.6,MOL_0351
CN(CC(=O)O)Cc1c[nH]c2cc3ncnc(Nc4cccc(Br)c4)c3cc12,0.72,MOL_0352
CN(CC(=O)O)Cc1c[nH]c2cc3ncnc(Nc4cccc(Br)c4)c3cc12,584.0,MOL_0353
CS(=O)(=O)CCN(CCCCOc1ccc2ncnc(Nc3ccc(OCc4ccccc4)cc3)c2c1)C(=O)C(F)(F)F,263.0,MOL_0354
C#Cc1cccc(Nc2ncnc3ccc(OCCCCNCCS(C)(=O)=O)cc23)c1,11.0,MOL_0355
C#Cc1cccc(Nc2ncnc3ccc(OCCCCNCCS(C)(=O)=O)cc23)c1,45.0,MOL_0356
CS(=O)(=O)CCNCCCCOc1ccc2ncnc(Nc3ccc(S(=O)(=O)c4ccccc4)cc3)c2c1,93.0,MOL_0357
C=CCOc1ccc2ncnc(Nc3ccc(OCc4ccccc4)cc3)c2c1,79.0,MOL_0358
CN(C)CCn1ncc2cc3c(Nc4cccc(Br)c4)ncnc3cc21,40.0,MOL_0359
CN(C)CCn1ncc2cc3c(Nc4cccc(Br)c4)ncnc3cc21,262.0,MOL_0360
Brc1cccc(Nc2ncnc3cc4[nH]ncc4cc23)c1,0.44,MOL_0361
Brc1cccc(Nc2ncnc3cc4[nH]ncc4cc23)c1,20.0,MOL_0362
Brc1cccc(Nc2ncnc3cc4[nH]ncc4cc23)c1,0.44,MOL_0363
Brc1cccc(Nc2ncnc3cc4[nH]ccc4cc23)c1,0.44,MOL_0364
Brc1cccc(Nc2ncnc3cc4[nH]ccc4cc23)c1,22.0,MOL_0365
Brc1cccc(Nc2ncnc3cc4[nH]ccc4cc23)c1,0.44,MOL_0366
CN(C)CCN(C)Cc1c[nH]c2cc3ncnc(Nc4cccc(Br)c4)c3cc12,7.5,MOL_0367
CN(C)CCN(C)Cc1c[nH]c2cc3ncnc(Nc4cccc(Br)c4)c3cc12,81.0,MOL_0368
Cn1ccc2cc3c(Nc4cccc(Br)c4)ncnc3cc21,0.8,MOL_0369
Cn1ccc2cc3c(Nc4cccc(Br)c4)ncnc3cc21,22.0,MOL_0370
Brc1cccc(Nc2ncnc3cc4c(cnn4CCCN4CCOCC4)cc23)c1,8.8,MOL_0371
Brc1cccc(Nc2ncnc3cc4c(cnn4CCCN4CCOCC4)cc23)c1,77.0,MOL_0372
CS(=O)(=O)CCNCCCCOc1ccc2ncnc(Nc3ccc4c(cnn4Cc4cccc(F)c4)c3)c2c1,24.0,MOL_0373
CS(=O)(=O)CCNCCCCOc1ccc2ncnc(Nc3ccc4c(cnn4Cc4cccc(F)c4)c3)c2c1,630.0,MOL_0374
Oc1ccc(-c2nc3ccc(O)cc3s2)cc1,130000.0,MOL_0375
c1ccc(Nc2ncnc3ccccc23)cc1,346.0,MOL_0376
Oc1ccc(/N=N/c2ccc(O)cc2O)cc1,58000.0,MOL_0377
CN(CCCOc1ccc2ncnc(Nc3ccc(OCc4ccccc4)cc3)c2c1)CCS(C)(=O)=O,830.0,MOL_0378
OCC(O)Cn1ccc2cc3c(Nc4cccc(Br)c4)ncnc3cc21,1.6,MOL_0379
OCC(O)Cn1ccc2cc3c(Nc4cccc(Br)c4)ncnc3cc21,49.0,MOL_0380
Brc1cccc(Nc2ncnc3cc4[nH]cc(CN5CCOCC5)c4cc23)c1,4.8,MOL_0381
Brc1cccc(Nc2ncnc3cc4[nH]cc(CN5CCOCC5)c4cc23)c1,9.6,MOL_0382
OCCN(CCO)Cc1c[nH]c2cc3ncnc(Nc4cccc(Br)c4)c3cc12,3.5,MOL_0383
OCCN(CCO)Cc1c[nH]c2cc3ncnc(Nc4cccc(Br)c4)c3cc12,135.0,MOL_0384
CN1CC[C@H](c2c(O)cc(O)c3c(=O)cc(-c4ccccc4Cl)oc23)[C@H](O)C1,22000.0,MOL_0385
COC(=O)[C@@]1(Cc2ccc(O)c(CC=C(C)C)c2)OC(=O)C(O)=C1c1ccc(O)cc1,590000.0,MOL_0386
Cn1cnc2c(NCc3ccccc3)nc(NCCO)nc21,440000.0,MOL_0387
CO[C@H]1[C@@H](N(C)C(=O)c2ccccc2)C[C@@H]2O[C@@]1(C)n1c3ccccc3c3c4c(c5c6ccccc6n2c5c31)C(=O)NC4,1900.0,MOL_0388
CO[C@H]1[C@@H](N(C)C(=O)c2ccc(Cl)cc2)C[C@@H]2O[C@@]1(C)n1c3ccccc3c3c4c(c5c6ccccc6n2c5c31)C(=O)NC4,7000.0,MOL_0389
CO[C@H]1[C@@H](N(C)C(=O)c2ccc(C(=O)O)cc2)C[C@@H]2O[C@@]1(C)n1c3ccccc3c3c4c(c5c6ccccc6n2c5c31)C(=O)NC4,110.0,MOL_0390
Cc1cccc(C)c1-c1cc2cnc(N)nc2nc1NC(=O)NC(C)(C)C,610.0,MOL_0391
CN1CCN(CCCNc2ncc3cc(-c4c(Cl)cccc4Cl)c(NC(=O)NC(C)(C)C)nc3n2)CC1,150.0,MOL_0392
Cc1cc(C)c(C)c(-c2cc3cnc(NCCCN4CCN(C)CC4)nc3nc2NC(=O)NC(C)(C)C)c1C,7000.0,MOL_0393
CO[C@H]1[C@@H](N(C)S(C)(=O)=O)C[C@@H]2O[C@@]1(C)n1c3ccccc3c3c4c(c5c6ccccc6n2c5c31)C(=O)NC4,1100.0,MOL_0394
CO[C@H]1[C@@H](N(C)C(=O)c2ccccc2Cl)C[C@@H]2O[C@@]1(C)n1c3ccccc3c3c4c(c5c6ccccc6n2c5c31)C(=O)NC4,4700.0,MOL_0395
CS(=O)(=O)CCNc1nc(-c2ccc3ncnc(Nc4ccc(OCc5ccccc5)c(Cl)c4)c3c2)cs1,8.0,MOL_0396
CS(=O)(=O)CCNc1nc(-c2ccc3ncnc(Nc4ccc(OCc5ccccc5)c(Cl)c4)c3c2)cs1,230.0,MOL_0397
O=P(O)(O)C(O)c1ccc2ccccc2c1,250000.0,MOL_0398
COC(=O)CN(C)[C@H]1C[C@@H]2O[C@](C)([C@H]1OC)n1c3ccccc3c3c4c(c5c6ccccc6n2c5c31)C(=O)NC4,1300.0,MOL_0399
CS(=O)(=O)CCNc1nc(-c2ccc3ncnc(Nc4ccc(OCc5ccccc5)cc4)c3c2)cs1,82.0,MOL_0400
CS(=O)(=O)CCNc1nc(-c2ccc3ncnc(Nc4ccc(OCc5ccccc5)cc4)c3c2)cs1,1600.0,MOL_0401
N#C/C(=C\c1ccc(O)c(O)c1)C(N)=S,7000.0,MOL_0402
CO[C@H]1[C@@H](N(C)CCC#N)C[C@@H]2O[C@@]1(C)n1c3ccccc3c3c4c(c5c6ccccc6n2c5c31)C(=O)NC4,1100.0,MOL_0403
CS(=O)(=O)CCNc1nc(-c2ccc3ncnc(Nc4ccc5c(cnn5Cc5ccccc5)c4)c3c2)cs1,71.0,MOL_0404
CS(=O)(=O)CCNc1nc(-c2ccc3ncnc(Nc4ccc5c(cnn5Cc5ccccc5)c4)c3c2)cs1,110.0,MOL_0405
CO[C@H]1[C@@H](N(C)C(=O)CN)C[C@@H]2O[C@@]1(C)n1c3ccccc3c3c4c(c5c6ccccc6n2c5c31)C(=O)NC4,220.0,MOL_0406
CS(=O)(=O)CCNc1nc(-c2ccc3ncnc(Nc4ccc(OCc5cccc(C(F)(F)F)c5)cc4)c3c2)cs1,540.0,MOL_0407
CS(=O)(=O)CCNc1nc(-c2ccc3ncnc(Nc4ccc(OCc5cccc(C(F)(F)F)c5)cc4)c3c2)cs1,18000.0,MOL_0408
CO[C@H]1[C@@H](N(C)C(=O)c2cccnc2)C[C@@H]2O[C@@]1(C)n1c3ccccc3c3c4c(c5c6ccccc6n2c5c31)C(=O)NC4,8180.0,MOL_0409
CC(C)(C)NC(=O)Nc1nc2nc(N)ncc2cc1-c1ccccc1,5530.0,MOL_0410
CCN(CC)CCCNc1ncc2cc(-c3c(Cl)cccc3Cl)c(NC(=O)NC(C)(C)C)nc2n1,6200.0,MOL_0411
CO[C@H]1[C@@H](N(C)CC(=O)O)C[C@@H]2O[C@@]1(C)n1c3ccccc3c3c4c(c5c6ccccc6n2c5c31)C(=O)NC4,31.0,MOL_0412
COc1ccc(C(=O)N(C)[C@H]2C[C@@H]3O[C@](C)([C@H]2OC)n2c4ccccc4c4c5c(c6c7ccccc7n3c6c42)C(=O)NC5)cc1,3600.0,MOL_0413
CO[C@H]1[C@@H]([N+](C)(C)C)C[C@@H]2O[C@@]1(C)n1c3ccccc3c3c4c(c5c6ccccc6n2c5c31)C(=O)NC4,19.0,MOL_0414
CS(=O)(=O)CCNc1nc(-c2ccc3ncnc(Nc4ccc(OCc5cccc(F)c5)c(Cl)c4)c3c2)cs1,10.0,MOL_0415
CS(=O)(=O)CCNc1nc(-c2ccc3ncnc(Nc4ccc(OCc5cccc(F)c5)c(Cl)c4)c3c2)cs1,80.0,MOL_0416
CCN(CC)CCCCNc1ncc2cc(-c3c(Cl)cccc3Cl)c(NC(=O)NC(C)(C)C)nc2n1,240.0,MOL_0417
CCCCC(O)CN(C)[C@H]1C[C@@H]2O[C@](C)([C@H]1OC)n1c3ccccc3c3c4c(c5c6ccccc6n2c5c31)C(=O)NC4,1300.0,MOL_0418
CO[C@H]1[C@@H](N(C)C(C)=O)C[C@@H]2O[C@@]1(C)n1c3ccccc3c3c4c(c5c6ccccc6n2c5c31)C(=O)NC4,2600.0,MOL_0419
CO[C@H]1[C@@H](N(C)C(=O)C(F)(F)F)C[C@@H]2O[C@@]1(C)n1c3ccccc3c3c4c(c5c6ccccc6n2c5c31)C(=O)NC4,6400.0,MOL_0420
COC(=O)c1ccc(C(=O)N(C)[C@H]2C[C@@H]3O[C@](C)([C@H]2OC)n2c4ccccc4c4c5c(c6c7ccccc7n3c6c42)C(=O)NC5)cc1,7400.0,MOL_0421
CS(=O)(=O)CCNc1nc(-c2ccc3ncnc(Nc4ccc(F)c(Cl)c4)c3c2)cs1,35.0,MOL_0422
CS(=O)(=O)CCNc1nc(-c2ccc3ncnc(Nc4ccc(F)c(Cl)c4)c3c2)cs1,570.0,MOL_0423
CN[C@@H]1C[C@H]2O[C@@](C)([C@@H]1OC)n1c3ccccc3c3c4c(c5c6ccccc6n2c5c31)C(=O)NC4,100.0,MOL_0424
CCN(C)[C@H]1C[C@@H]2O[C@](C)([C@H]1OC)n1c3ccccc3c3c4c(c5c6ccccc6n2c5c31)C(=O)NC4,330.0,MOL_0425
CO[C@H]1[C@@H](N(C)C(=O)CCC(=O)O)C[C@@H]2O[C@@]1(C)n1c3ccccc3c3c4c(c5c6ccccc6n2c5c31)C(=O)NC4,160.0,MOL_0426
CO[C@H]1[C@@H](N(C)C(=O)OC(C)(C)C)C[C@@H]2O[C@@]1(C)n1c3ccccc3c3c4c(c5c6ccccc6n2c5c31)C(=O)NC4,13500.0,MOL_0427
COC(=O)N(C)[C@H]1C[C@@H]2O[C@](C)([C@H]1OC)n1c3ccccc3c3c4c(c5c6ccccc6n2c5c31)C(=O)NC4,2400.0,MOL_0428
Cc1cc(C)c(C)c(-c2cc3cnc(N)nc3nc2NC(=O)NC(C)(C)C)c1C,6680.0,MOL_0429
CO[C@H]1[C@@H](N(C)C(=O)CNC(=O)OC(C)(C)C)C[C@@H]2O[C@@]1(C)n1c3ccccc3c3c4c(c5c6ccccc6n2c5c31)C(=O)NC4,3500.0,MOL_0430
CN[C@H]1C[C@@H]2O[C@](C)([C@H]1OC)n1c3ccccc3c3c4c(c5c6ccccc6n2c5c31)C(=O)NC4=O,200.0,MOL_0431
CC[N+](C)(C)[C@H]1C[C@@H]2O[C@](C)([C@H]1OC)n1c3ccccc3c3c4c(c5c6ccccc6n2c5c31)C(=O)NC4,43.0,MOL_0432
N#C/C(=C\c1ccc(O)c(O)c1)C(=O)NCc1ccccc1,7000.0,MOL_0433
CO[C@H]1[C@@H](N(C)C(=O)c2cccc(Cl)c2)C[C@@H]2O[C@@]1(C)n1c3ccccc3c3c4c(c5c6ccccc6n2c5c31)C(=O)NC4,4600.0,MOL_0434
CC(C)(C)NC(=O)Nc1nc2nc(N)ncc2cc1-c1c(Cl)cccc1Cl,450.0,MOL_0435
CO[C@H]1[C@@H](N(C)C(=O)c2cnccn2)C[C@@H]2O[C@@]1(C)n1c3ccccc3c3c4c(c5c6ccccc6n2c5c31)C(=O)NC4,8180.0,MOL_0436
CN[C@H]1C[C@@H]2O[C@](C)([C@H]1OC)n1c3ccccc3c3c4c(c5c6ccccc6n2c5c31)C(=O)N[C@@H]4O,17.0,MOL_0437
CCNC(=O)Nc1nc2nc(N)ncc2cc1-c1c(Cl)cccc1Cl,1360.0,MOL_0438
CO[C@H]1[C@@H](N(C)Cc2ccccc2)C[C@@H]2O[C@@]1(C)n1c3ccccc3c3c4c(c5c6ccccc6n2c5c31)C(=O)NC4,910.0,MOL_0439
CNC(=S)N(C)[C@H]1C[C@@H]2O[C@](C)([C@H]1OC)n1c3ccccc3c3c4c(c5c6ccccc6n2c5c31)C(=O)NC4,12500.0,MOL_0440
CN[C@H]1C[C@@H]2O[C@](C)([C@H]1OC)n1c3ccccc3c3c4c(c5c6ccccc6n2c5c31)[C@H](O)NC4=O,260.0,MOL_0441
CCNC(=O)Nc1nc2nc(NCCCCN(CC)CC)ncc2cc1-c1c(Cl)cccc1Cl,1260.0,MOL_0442
CO[C@H]1[C@@H](N(C)C(=O)c2cccc([N+](=O)[O-])c2)C[C@@H]2O[C@@]1(C)n1c3ccccc3c3c4c(c5c6ccccc6n2c5c31)C(=O)NC4,4800.0,MOL_0443
Cc1cc(C)c(C(=O)/C(C#N)=C/c2ccc(O)c(O)c2)c(C)c1,19054.61,MOL_0444
Cc1cccc(C)c1NC(=O)/C(C#N)=C/c1ccc(O)c(O)c1,10232.93,MOL_0445
N#C/C(=C\c1ccc(O)c(O)c1)C(=O)Nc1ccccc1,1258.93,MOL_0446
COc1cc(/C=C(\C#N)C(N)=O)cc(CSc2ccc(C)cc2)c1O,1737.8,MOL_0447
COc1cc(C=C(C#N)C#N)cc(CSc2ccccc2)c1O,6760.83,MOL_0448
N#C/C(=C\c1ccc(O)c(O)c1)C(=O)Nc1ccccc1Cl,2089.3,MOL_0449
COc1cc(/C=C(\C#N)C(N)=O)cc(CSc2nc3ccccc3o2)c1O,5248.07,MOL_0450
COc1cc2c(Nc3ccc(Cl)cc3F)ncnc2cc1OCC1CCNCC1.Cl,300.0,MOL_0451
COc1cc2c(Nc3ccc(Cl)cc3F)ncnc2cc1OCC1CCNCC1.Cl,100.0,MOL_0452
COc1cc2c(Nc3ccc(Cl)cc3F)ncnc2cc1OCCN(C)c1ccncc1,300.0,MOL_0453
COc1cc2c(Nc3ccc(Cl)cc3F)ncnc2cc1OCCN(C)c1ccncc1,200.0,MOL_0454
COc1cc2c(Nc3ccc(C#N)cc3F)ncnc2cc1OC/C=C/CN1CCCC1,800.0,MOL_0455
COc1cc2c(Nc3ccc(C#N)cc3F)ncnc2cc1OC/C=C/CN1CCCC1,1400.0,MOL_0456
COc1cc(/C=C(\C#N)C(N)=O)cc(CSc2ccccc2)c1O,398.11,MOL_0457
COc1cc(/C=C(\C#N)C(N)=O)cc(CSC2=NCCS2)c1O,8709.64,MOL_0458
N#C/C(=C\c1ccc(O)c(O)c1)C(=O)NC1CCCCC1,5888.44,MOL_0459
COc1cc(/C=C(\C#N)C(N)=O)cc(CSCc2ccccc2Cl)c1O,1000.0,MOL_0460
N#C/C(=C\c1ccc(O)c(O)c1)C(=O)N1CCc2ccccc21,12022.64,MOL_0461
N#C/C(=C\c1ccc(O)c(O)c1)C(=O)NCCc1ccccc1,616.6,MOL_0462
COc1cc(/C=C(\C#N)C(N)=O)cc(CSc2cccc3ccccc23)c1O,1698.24,MOL_0463
CNC(=O)c1c([Se][Se]c2[nH]c3ccccc3c2C(=O)NC)[nH]c2ccccc12,13000.0,MOL_0464
N#C/C(=C\c1ccc(O)c(O)c1)C(=O)NCCCCc1ccccc1,5011.87,MOL_0465
COc1cc2c(Nc3ccc(C)cc3F)ncnc2cc1OCC1CCNCC1,500.0,MOL_0466
COc1cc2c(Nc3ccc(C)cc3F)ncnc2cc1OCC1CCNCC1,450.0,MOL_0467
COc1cc(/C=C(\C#N)C(N)=O)cc(CSCc2ccccc2)c1O,891.25,MOL_0468
COc1cc(/C=C(\C#N)C(N)=O)cc(SCCCC(=O)O)c1O,47863.01,MOL_0469
COc1cc2c(Nc3ccc(Br)cc3F)ncnc2cc1OCCn1ccnn1,400.0,MOL_0470
COc1cc2c(Nc3ccc(Br)cc3F)ncnc2cc1OCCn1ccnn1,50.0,MOL_0471
COc1cc2c(Nc3ccc(C)cc3F)ncnc2cc1OCC1CCN(C)CC1,1000.0,MOL_0472
COc1cc2c(Nc3ccc(C)cc3F)ncnc2cc1OCC1CCN(C)CC1,400.0,MOL_0473
COc1cc2c(Nc3c(F)cc(Cl)cc3F)ncnc2cc1OCC1CCN(C)CC1,450.0,MOL_0474
COc1cc2c(Nc3c(F)cc(Cl)cc3F)ncnc2cc1OCC1CCN(C)CC1,300.0,MOL_0475
COc1cc2c(Nc3c(F)cc(Cl)cc3F)ncnc2cc1OCC1CCNCC1,500.0,MOL_0476
COc1cc2c(Nc3c(F)cc(Cl)cc3F)ncnc2cc1OCC1CCNCC1,600.0,MOL_0477
COc1cc2c(Nc3ccc(Cl)cc3F)ncnc2cc1OC[C@@H]1CCCN(C)C1,100.0,MOL_0478
COc1cc2c(Nc3ccc(Cl)cc3F)ncnc2cc1OC[C@@H]1CCCN(C)C1,150.0,MOL_0479
COc1cc2c(Nc3ccc(Cl)cc3F)ncnc2cc1OCCCN1CCOCC1,100.0,MOL_0480
COc1cc2c(Nc3ccc(Cl)cc3F)ncnc2cc1OCCCN1CCOCC1,200.0,MOL_0481
CCN(CC)CCNC(=O)c1c([Se][Se]c2c(C(=O)NCCN(CC)CC)c3ccccc3n2C)n(C)c2ccccc12,4700.0,MOL_0482
Cc1cc(C=C(C#N)C#N)cc(O)c1O,61659.5,MOL_0483
COc1cc2/c(=N/c3ccc(Br)cc3F)nc[nH]c2cc1OCC1CCN(C)CC1,200.0,MOL_0484
COc1cc2/c(=N/c3ccc(Br)cc3F)nc[nH]c2cc1OCC1CCN(C)CC1,100.0,MOL_0485
CCOC(=O)C(Cc1ccccc1)NC(=O)/C(C#N)=C/c1ccc(O)c(O)c1,48977.88,MOL_0486
N#C/C(=C\c1ccc(O)c(O)c1)C(=O)NCCCc1ccccc1,707.95,MOL_0487
N#C/C(=C\c1ccc(O)c(O)c1)C(=O)c1ccc(O)c(O)c1,5011.87,MOL_0488
COc1cc(C=C(C#N)C#N)cc(SCC(=O)O)c1O,53703.18,MOL_0489
N#C/C(=C\c1ccc(O)c(O)c1)C(=O)NCc1ccc(O)cc1,3019.95,MOL_0490
COc1cc2c(Nc3ccc(Cl)cc3F)ncnc2cc1OC/C=C/CN1CCCC1.Cl,90.0,MOL_0491
COc1cc2c(Nc3ccc(Cl)cc3F)ncnc2cc1OC/C=C/CN1CCCC1.Cl,80.0,MOL_0492
COc1cc2c(Nc3ccc(Br)cc3F)ncnc2cc1OCCC1CCN(C)CC1,200.0,MOL_0493
COc1cc2c(Nc3ccc(Br)cc3F)ncnc2cc1OCCC1CCN(C)CC1,150.0,MOL_0494
COc1cc2c(Nc3ccc(Cl)cc3F)ncnc2cc1OCC1CCN(C)CC1.Cl,300.0,MOL_0495
COc1cc2c(Nc3ccc(Cl)cc3F)ncnc2cc1OCC1CCN(C)CC1.Cl,100.0,MOL_0496
Oc1cc2cc(-c3cccnc3)cnc2cc1O,500.0,MOL_0497
N#C/C(=C\c1ccc(O)c(O)c1)C(N)=O,4466.84,MOL_0498
COc1cc2c(Nc3ccc(Br)cc3F)ncnc2cc1OC[C@@H]1CCCN(C)C1,200.0,MOL_0499
COc1cc2c(Nc3ccc(Br)cc3F)ncnc2cc1OC[C@@H]1CCCN(C)C1,150.0,MOL_0500
COc1cc(C=C(C#N)C#N)cc(CSc2ccccc2C(=O)O)c1O,7943.28,MOL_0501
COc1cc(/C=C(\C#N)C(N)=O)cc(CSc2ccccc2NC(C)=O)c1O,21877.62,MOL_0502
COc1cc2c(Nc3ccc(Cl)cc3F)ncnc2cc1OCCN1CCN(C)CC1,200.0,MOL_0503
COc1cc2c(Nc3ccc(Cl)cc3F)ncnc2cc1OCCN1CCN(C)CC1,200.0,MOL_0504
COc1cc2c(Nc3ccc(Cl)cc3F)ncnc2cc1OCCCN1CCCC1.Cl,100.0,MOL_0505
COc1cc2c(Nc3ccc(Cl)cc3F)ncnc2cc1OCCCN1CCCC1.Cl,100.0,MOL_0506
N#C/C(=C\c1ccc(O)c(O)c1)C(=O)c1ccc([N+](=O)[O-])cc1,10964.78,MOL_0507
COc1cc(/C=C(\C#N)C(N)=O)cc(CSc2nc3ccccc3[nH]2)c1O,14454.4,MOL_0508
COc1cc2c(Nc3ccc(Br)cc3F)ncnc2cc1OCCCN1CCN(C)CC1.Cl,100.0,MOL_0509
COc1cc2c(Nc3ccc(Br)cc3F)ncnc2cc1OCCCN1CCN(C)CC1.Cl,90.0,MOL_0510
COc1cc2c(Nc3c(F)cc(Br)cc3F)ncnc2cc1OCC1CCN(C)CC1,300.0,MOL_0511
COc1cc2c(Nc3c(F)cc(Br)cc3F)ncnc2cc1OCC1CCN(C)CC1,400.0,MOL_0512
COc1ccc(/C=C(\C#N)c2cccnc2)cc1OC,700.0,MOL_0513
CC(C)(C)Oc1cc(/C=C(\C#N)C(=N)S)cc(C(C)(C)C)c1O,501187.23,MOL_0514
COc1cc2c(Nc3ccc(Br)cc3F)ncnc2cc1OCC1CCN(C)CC1.Cl,500.0,MOL_0515
COc1cc2c(Nc3ccc(Br)cc3F)ncnc2cc1OCC1CCN(C)CC1.Cl,170.0,MOL_0516
COc1cc2c(Nc3ccc(Br)cc3F)ncnc2cc1OC[C@H]1CCCN(C)C1,100.0,MOL_0517
COc1cc2c(Nc3ccc(Br)cc3F)ncnc2cc1OC[C@H]1CCCN(C)C1,150.0,MOL_0518
N[C@H](Cc1c([Se][Se]c2[nH]c3ccccc3c2C[C@H](N)C(=O)NCc2ccccc2)[nH]c2ccccc12)C(=O)NCc1ccccc1,900.0,MOL_0519
N[C@H](Cc1c([Se][Se]c2[nH]c3ccccc3c2C[C@H](N)C(=O)NCc2ccccc2)[nH]c2ccccc12)C(=O)NCc1ccccc1,4200.0,MOL_0520
CNC(=O)c1c(SSc2c(C(=O)NC)c3ccccc3n2C)n(C)c2ccccc12,6900.0,MOL_0521
CCN(CC)CCNC(=O)c1c([Se][Se]c2[nH]c3ccccc3c2C(=O)NCCN(CC)CC)[nH]c2ccccc12,4600.0,MOL_0522
COc1cc(/C=C(\C#N)C(N)=O)cc(CSc2nc3cc(Cl)ccc3s2)c1O,83176.38,MOL_0523
COc1cc(/C=C(\C#N)C(N)=O)cc(CSc2ccccn2)c1O,3388.44,MOL_0524
COc1cc(/C=C(\C#N)C(N)=O)cc(CSc2ccccc2C(=O)O)c1O,707.95,MOL_0525
Cc1ccc(C(=O)/C(C#N)=C/c2ccc(O)c(O)c2)cc1,15135.61,MOL_0526
COc1cc2c(Nc3ccc(Cl)cc3F)ncnc2cc1OCCCN1CCN(C)CC1.Cl,75.0,MOL_0527
COc1cc2c(Nc3ccc(Cl)cc3F)ncnc2cc1OCCCN1CCN(C)CC1.Cl,100.0,MOL_0528
Cn1c([Se][Se]c2c(C(=O)O)c3ccccc3n2C)c(C(=O)O)c2ccccc21,3500.0,MOL_0529
CC(NC(=O)/C(C#N)=C/c1ccc(O)c(O)c1)c1ccccc1,2511.89,MOL_0530
COc1cc2c(Nc3ccc(Cl)cc3F)ncnc2cc1OCCN1CCOCC1,400.0,MOL_0531
COc1cc2c(Nc3ccc(Cl)cc3F)ncnc2cc1OCCN1CCOCC1,300.0,MOL_0532
CNC(=O)c1c([Se][Se]c2c(C(=O)NC)c3ccccc3n2C)n(C)c2ccccc12,6100.0,MOL_0533
Cc1cc(C)c(NC(=O)/C(C#N)=C/c2ccc(O)c(O)c2)c(C)c1,19054.61,MOL_0534
NC(Cc1c(SSc2[nH]c3ccccc3c2CC(N)C(=O)NCc2ccccc2)[nH]c2ccccc12)C(=O)NCc1ccccc1,7400.0,MOL_0535
COc1cc2c(Nc3ccc(Br)cc3F)ncnc2cc1OCCC1CCNCC1,200.0,MOL_0536
COc1cc2c(Nc3ccc(Br)cc3F)ncnc2cc1OCCC1CCNCC1,80.0,MOL_0537
CCN(CC)CCn1c([Se][Se]c2c(C(=O)NC)c3ccccc3n2CCN(CC)CC)c(C(=O)NC)c2ccccc21,6900.0,MOL_0538
COc1ccc(/C=C/c2cnc3cc(OC)c(OC)cc3c2)cc1,20000.0,MOL_0539
N#C/C(=C\c1ccc(O)c(O)c1)C(=O)c1ccccc1Cl,6606.93,MOL_0540
COc1cc(/C=C(\C#N)C(N)=O)cc(CSc2nc3ccccc3s2)c1O,19054.61,MOL_0541
CCOc1ccc2sc(SCc3cc(/C=C(\C#N)C(N)=O)cc(OC)c3O)nc2c1,165958.69,MOL_0542
COc1cc2c(Nc3c(F)cc(Br)cc3F)ncnc2cc1OCC1CCNCC1,450.0,MOL_0543
COc1cc2c(Nc3c(F)cc(Br)cc3F)ncnc2cc1OCC1CCNCC1,400.0,MOL_0544
N#C/C(=C\c1ccc(O)c(O)c1)C(=O)c1cccs1,30902.95,MOL_0545
COc1cc(C=C(C#N)C#N)cc(CS(=O)(=O)c2ccc(C)cc2)c1O,22908.68,MOL_0546
COc1cc2c(Nc3cc(O)c(C)cc3F)ncnc2cc1OCC1CCN(C)CC1.Cl,300.0,MOL_0547
COc1cc2c(Nc3cc(O)c(C)cc3F)ncnc2cc1OCC1CCN(C)CC1.Cl,200.0,MOL_0548
COc1cc2c(Nc3ccc(Cl)cc3F)ncnc2cc1OCCC1CCN(C)CC1,300.0,MOL_0549
COc1cc2c(Nc3ccc(Cl)cc3F)ncnc2cc1OCCC1CCN(C)CC1,200.0,MOL_0550
N#C/C(=C\c1ccc(O)c(O)c1)C(=O)c1ccc(F)cc1,5128.61,MOL_0551
COCCOc1cc2ncnc(Nc3ccc(Cl)cc3F)c2cc1OC,100.0,MOL_0552
COCCOc1cc2ncnc(Nc3ccc(Cl)cc3F)c2cc1OC,100.0,MOL_0553
COc1cc2c(Nc3cc(O)c(Cl)cc3F)ncnc2cc1OCC1CCN(C)CC1.Cl,100.0,MOL_0554
COc1cc2c(Nc3cc(O)c(Cl)cc3F)ncnc2cc1OCC1CCN(C)CC1.Cl,70.0,MOL_0555
N[C@H](Cc1c([Se][Se]c2[nH]c3ccccc3c2C[C@H](N)C(=O)NCc2ccccc2)[nH]c2ccccc12)C(=O)NCc1ccccc1,1300.0,MOL_0556
COc1ccc(NC(=O)/C(C#N)=C/c2ccc(O)c(O)c2)c(OC)c1,25118.86,MOL_0557
N#C/C(=C\c1ccc(O)c(O)c1)C(=O)NCc1ccccc1,501.19,MOL_0558
N#C/C(=C\c1ccc(O)c(O)c1)C(=O)c1ccccc1,14125.38,MOL_0559
COc1cc(C=C(C#N)C#N)cc(C)c1O,87096.36,MOL_0560
COc1cc2c(Nc3ccc(Br)cc3F)ncnc2cc1OC/C=C/CN1CCCC1.Cl,100.0,MOL_0561
COc1cc2c(Nc3ccc(Br)cc3F)ncnc2cc1OC/C=C/CN1CCCC1.Cl,90.0,MOL_0562
N#C/C(=C\c1cc(O)c(O)c(CSCc2ccccc2)c1)C(N)=O,645.65,MOL_0563
COc1cc(/C=C(/C#N)C(N)=O)cc(CSCc2ccc(Cl)cc2)c1O,15848.93,MOL_0564
O=C(NCc1ccccc1)[C@H](Cc1c([Se][Se]c2[nH]c3ccccc3c2C[C@@H](NC(=O)C(F)(F)F)C(=O)NCc2ccccc2)[nH]c2ccccc12)NC(=O)C(F)(F)F,7000.0,MOL_0565
COc1cc2ncc(C#N)c(Nc3ccc(F)c(Cl)c3)c2cc1NC(=O)/C=C/CN1CCOCC1,13570.0,MOL_0566
CCOc1cc2ncc(C#N)c(Nc3ccc(F)c(Cl)c3)c2cc1NC(=O)/C=C/CN(C)C,80.0,MOL_0567
CCN(CC)C(C)/C=C/C(=O)Nc1cc2c(Nc3ccc(F)c(Cl)c3)c(C#N)cnc2cc1OC,4840.0,MOL_0568
Brc1cccc(Nc2ncnc3cc(NCCCCN4CCOCC4)ncc23)c1,5.4,MOL_0569
Cc1cccc(Nc2ncnc3cc(NCCCN4CCOCC4)ncc23)c1,9.3,MOL_0570
COCC#CC(=O)Nc1ccc2ncc(C#N)c(Nc3cccc(Br)c3)c2c1,960.0,MOL_0571
CN(C)CCN(C)c1cc2ncnc(Nc3cccc(Br)c3)c2cn1,40.0,MOL_0572
Brc1cccc(Nc2ncnc3cc(NCCN4CCOCC4)ncc23)c1,3.2,MOL_0573
Brc1cccc(Nc2ncnc3cc(NCCN4CCOCC4)ncc23)c1,36.0,MOL_0574
OCCN(CCO)CCNc1cc2ncnc(Nc3cccc(Br)c3)c2cn1,9.2,MOL_0575
Cc1cccc(Nc2ncnc3cc(NCCCn4ccnc4)ncc23)c1,3.5,MOL_0576
Cc1cccc(Nc2ncnc3cc(NCCCCN(C)C)ncc23)c1,5.4,MOL_0577
CN1C(=S)C(CCC(=O)O)c2ccccc21,6700.0,MOL_0578
COc1cc(NC(=O)/C=C/CN(C)C)cc2c(Nc3cccc(Br)c3)c(C#N)cnc12,2880.0,MOL_0579
CN1CCN(CCCNc2cc3ncnc(Nc4cccc(Br)c4)c3cn2)CC1,4.9,MOL_0580
OCCN(CCO)CCCNc1cc2ncnc(Nc3cccc(Br)c3)c2cn1,1.2,MOL_0581
O=S(=O)(O)CCNc1cc2ncnc(Nc3cccc(Br)c3)c2cn1,1.4,MOL_0582
COCC#CC(=O)Nc1cc2c(Nc3cccc(Br)c3)c(C#N)cnc2cc1OC,790.0,MOL_0583
C=C(CN(C)C)C(=O)Nc1cc2c(Nc3ccc(F)c(Cl)c3)c(C#N)cnc2cc1OCC,560.0,MOL_0584
CN(CC(O)CO)c1cc2ncnc(Nc3cccc(Br)c3)c2cn1,3.2,MOL_0585
Brc1cccc(Nc2ncnc3cc(NCCc4c[nH]cn4)ncc23)c1,0.91,MOL_0586
CN(CCO)c1cc2ncnc(Nc3cccc(Br)c3)c2cn1,2.6,MOL_0587
NNc1cc2ncnc(Nc3cccc(Br)c3)c2cn1,7.1,MOL_0588
COCCOCC#CC(=O)Nc1ccc2ncc(C#N)c(Nc3cccc(Br)c3)c2c1,930.0,MOL_0589
COc1cc2ncnc(Nc3cccc(Br)c3)c2cc1OC,70.0,MOL_0590
O=C(O)CCCC1C(S)=Nc2ccccc21,6700.0,MOL_0591
Cc1ccc2[nH]c(SSc3[nH]c4ccc(C)cc4c3CCC(=O)O)c(CCC(=O)O)c2c1,8400.0,MOL_0592
O=C(O)CCCc1c(SSc2[nH]c3ccccc3c2CCCC(=O)O)[nH]c2ccccc12,18000.0,MOL_0593
C=CC(=O)Nc1ccc2ncnc(Nc3cccc(Br)c3)c2c1,2.0,MOL_0594
OCCNc1cc2ncnc(Nc3cccc(Br)c3)c2cn1,0.24,MOL_0595
COC(=O)CCc1c(SSc2[nH]c3ccccc3c2CCC(=O)OC)[nH]c2ccccc12,21000.0,MOL_0596
CCOc1cc2ncc(C#N)c(Nc3cccc(Br)c3)c2cc1NC(=O)/C=C/CN1CCOCC1,10320.0,MOL_0597
Brc1cccc(Nc2ncnc3cc(NCCCn4ccnc4)ncc23)c1,0.51,MOL_0598
CNc1cc2ncnc(Nc3cccc(Br)c3)c2cn1,0.13,MOL_0599
CNc1cc2ncnc(Nc3cccc(Br)c3)c2cn1,16.0,MOL_0600
O=C(O)CCCNc1cc2ncnc(Nc3cccc(Br)c3)c2cn1,0.28,MOL_0601
Cc1cccc(Nc2ncnc3cc(NCCCN4CCN(C)CC4)ncc23)c1,5.6,MOL_0602
COC(=O)Cc1c(SSc2c(CC(=O)OC)c3ccccc3n2C)n(C)c2ccccc12,33000.0,MOL_0603
COc1cc2ncc(C#N)c(Nc3cccc(Br)c3)c2cc1OC,190.0,MOL_0604
[O-][N+]1(CCCNc2cc3ncnc(Nc4cccc(Br)c4)c3cn2)CCOCC1,0.74,MOL_0605
O=CN/C=C/c1cc(O)ccc1O,2000.0,MOL_0606
CN(C)C/C=C/C(=O)Nc1ccc2ncc(C#N)c(Nc3cccc(Br)c3)c2c1,310.0,MOL_0607
COc1cc(NC(=O)/C=C/CN2CCOCC2)cc2c(Nc3cccc(Br)c3)c(C#N)cnc12,5390.0,MOL_0608
O=C(O)Cc1c(SSc2[nH]c3ccccc3c2CC(=O)O)[nH]c2ccccc12,10200.0,MOL_0609
N#Cc1cnc2ccc(NC(=O)C#CCN3CCSCC3)cc2c1Nc1cccc(Br)c1,550.0,MOL_0610
CCCN(CC#CC(=O)Nc1ccc2ncc(C#N)c(Nc3cccc(Br)c3)c2c1)CCC,130.0,MOL_0611
CNc1ccc2c(Nc3cccc(Br)c3)ncnc2c1,4.0,MOL_0612
O=C(O)CCC1C(S)=Nc2ccccc21,1620.0,MOL_0613
CC#CC(=O)Nc1ccc2ncc(C#N)c(Nc3cccc(Br)c3)c2c1,940.0,MOL_0614
CN(C)CCCCNc1cc2ncnc(Nc3cccc(Br)c3)c2cn1,7.4,MOL_0615
Nc1ccc2c(Nc3cccc(Br)c3)ncnc2c1,0.1,MOL_0616
COc1cc2ncc(C#N)c(Nc3cccc(Br)c3)c2cc1NC(=O)/C=C/CN1CCOCC1,3830.0,MOL_0617
CN(C)C/C=C/C(=O)Nc1cc2c(Nc3ccc(F)c(Cl)c3)c(C#N)cnc2cc1OC(F)(F)F,2640.0,MOL_0618
COc1cc2ncc(C#N)c(Nc3ccc(F)c(Cl)c3)c2cc1NC(=O)/C=C/C(C)N(C)C,5220.0,MOL_0619
C=CC(=O)Nc1ccc2ncc(C#N)c(Nc3cccc(Br)c3)c2c1,590.0,MOL_0620
OCC(O)C(O)C(O)C(O)CNc1cc2ncnc(Nc3cccc(Br)c3)c2cn1,4.8,MOL_0621
CN(C)CCCNc1cc2ncnc(Nc3cccc(Br)c3)c2cn1,8.8,MOL_0622
CNc1cc2ncnc(Nc3cccc(C)c3)c2cn1,1.4,MOL_0623
O=C(O)Cc1c(SSSc2[nH]c3ccccc3c2CC(=O)O)[nH]c2ccccc12,9300.0,MOL_0624
Cc1ccc2c(CCC(=O)O)c(SSc3[nH]c4cc(C)ccc4c3CCC(=O)O)[nH]c2c1,2900.0,MOL_0625
Cn1c(SSc2c(CCCC(=O)O)c3ccccc3n2C)c(CCCC(=O)O)c2ccccc21,8300.0,MOL_0626
OCCN(CCO)c1cc2ncnc(Nc3cccc(Br)c3)c2cn1,12.0,MOL_0627
COC(=O)Cc1c(SSSc2[nH]c3ccccc3c2CC(=O)OC)[nH]c2ccccc12,35000.0,MOL_0628
Cn1c(SSc2c(CC(=O)O)c3ccccc3n2C)c(CC(=O)O)c2ccccc21,53000.0,MOL_0629
OCC(O)CNc1cc2ncnc(Nc3cccc(Br)c3)c2cn1,0.92,MOL_0630
OCC(O)CNc1cc2ncnc(Nc3cccc(Br)c3)c2cn1,227.0,MOL_0631
COCC1CCCN1CC#CC(=O)Nc1ccc2ncc(C#N)c(Nc3cccc(Br)c3)c2c1,150.0,MOL_0632
COc1cc2ncc(C#N)c(Nc3cccc(Br)c3)c2cc1NC(=O)C#CCN(C)C,90.0,MOL_0633
CCOc1cc2ncc(C#N)c(Nc3cccc(Br)c3)c2cc1NC(=O)/C=C/CN(C)C,1600.0,MOL_0634
C/C=C/C(=O)Nc1ccc2ncc(C#N)c(Nc3cccc(Br)c3)c2c1,1620.0,MOL_0635
CN(C)c1cc2ncnc(Nc3cccc(Br)c3)c2cn1,0.09,MOL_0636
CN(C)c1cc2ncnc(Nc3cccc(Br)c3)c2cn1,14.0,MOL_0637
OCC(CO)Nc1cc2ncnc(Nc3cccc(Br)c3)c2cn1,14.0,MOL_0638
CN(C)CCCCCNc1cc2ncnc(Nc3cccc(Br)c3)c2cn1,8.4,MOL_0639
COc1cc2ncc(C#N)c(Nc3ccc(F)c(Cl)c3)c2cc1NC(=O)/C=C/C(C)N1CCOCC1,10590.0,MOL_0640
CN(C)CCNc1cc2ncnc(Nc3cccc(Br)c3)c2cn1,45.0,MOL_0641
O=C(O)CCc1c(SSc2[nH]c3ccccc3c2CCC(=O)O)[nH]c2ccccc12,4200.0,MOL_0642
CC#CC(=O)Nc1cc2c(Nc3cccc(Br)c3)c(C#N)cnc2cc1OC,910.0,MOL_0643
CN(C)C/C=C/C(=O)Nc1ccc2ncc(C#N)c(Nc3ccc(F)c(Cl)c3)c2c1,650.0,MOL_0644
CCN(CC)C/C=C/C(=O)Nc1cc2c(Nc3ccc(F)c(Cl)c3)c(C#N)cnc2cc1OC,1910.0,MOL_0645
C=CC(=O)Nc1cc2c(Nc3cccc(Br)c3)c(C#N)cnc2cc1OC,810.0,MOL_0646
COc1cc2ncc(C#N)c(Nc3ccc(F)c(Cl)c3)c2cc1NC(=O)/C=C/CN(C)C,2320.0,MOL_0647
C/C=C/C(=O)Nc1cc2c(Nc3ccc(F)c(Cl)c3)c(C#N)cnc2cc1OCC,7500.0,MOL_0648
C=C(CN1CCOCC1)C(=O)Nc1ccc2ncc(C#N)c(Nc3ccc(F)c(Cl)c3)c2c1,2700.0,MOL_0649
CN(C)C/C=C/C(=O)Nc1ccc2ncnc(Nc3cccc(Br)c3)c2c1,11.0,MOL_0650
Cc1cccc(Nc2ncnc3cc(NCCc4c[nH]cn4)ncc23)c1,7.2,MOL_0651
Nc1cc2ncnc(Nc3cccc(Br)c3)c2cn1,10.0,MOL_0652
Nc1cc2ncnc(Nc3cccc(Br)c3)c2cn1,110.0,MOL_0653
CN(CC(O)C(O)C(O)C(O)CO)c1cc2ncnc(Nc3cccc(Br)c3)c2cn1,3.2,MOL_0654
Cc1cccc2c(CCC(=O)O)c(SSc3[nH]c4c(C)cccc4c3CCC(=O)O)[nH]c12,1500.0,MOL_0655
CC(C)N(CC#CC(=O)Nc1ccc2ncc(C#N)c(Nc3cccc(Br)c3)c2c1)C(C)C,250.0,MOL_0656
N#Cc1cnc2ccc(NC(=O)/C=C/CN3CCOCC3)cc2c1Nc1ccc(F)c(Cl)c1,2290.0,MOL_0657
Brc1cccc(Nc2ncnc3cc(NCCCN4CCOCC4)ncc23)c1,1.9,MOL_0658
Brc1cccc(Nc2ncnc3cc(NCCCN4CCOCC4)ncc23)c1,8.1,MOL_0659
CN(CC(=O)O)c1cc2ncnc(Nc3cccc(Br)c3)c2cn1,16.0,MOL_0660
Cn1c(SSc2c(CCC(=O)O)c3ccccc3n2C)c(CCC(=O)O)c2ccccc21,3100.0,MOL_0661
O=C(O)CCNc1cc2ncnc(Nc3cccc(Br)c3)c2cn1,0.61,MOL_0662
O=C(O)CCNc1cc2ncnc(Nc3cccc(Br)c3)c2cn1,11400.0,MOL_0663
O=C(O)CC1C(S)=Nc2ccccc21,14900.0,MOL_0664
COC(=O)CC1C(S)=Nc2ccccc21,100000.0,MOL_0665
COc1cc2ncc(C#N)c(Nc3cccc(Br)c3)c2cc1NC(=O)/C=C/CN(C)C,790.0,MOL_0666
O=C(O)CNc1cc2ncnc(Nc3cccc(Br)c3)c2cn1,1.5,MOL_0667
COC(=O)Cc1c(SSc2[nH]c3ccccc3c2CC(=O)OC)[nH]c2ccccc12,18000.0,MOL_0668
COCOC#CC(=O)Nc1ccc2ncc(C#N)c(Nc3cccc(Br)c3)c2c1,330.0,MOL_0669
Nc1ncnc2c1c(-c1cccc(O)c1)cn2C1CCC1,300.0,MOL_0670
COc1ccc(-c2cn(C3CCCC3)c3ncnc(N)c23)cc1,570.0,MOL_0671
COc1cccc(-c2cn(C3CC(CNCCO)C3)c3ncnc(N)c23)c1,490.0,MOL_0672
Brc1cccc(Nc2ncnc3ccc4cc[nH]c4c23)c1,1.24,MOL_0673
C[C@H](Nc1ncnc2c1sc1ccccc12)c1ccccc1,538.0,MOL_0674
Nc1ccc2sc3c(Nc4cccc(Br)c4)ncnc3c2c1,0.27,MOL_0675
Nc1ccc2sc3c(Nc4cccc(Br)c4)ncnc3c2c1,86.0,MOL_0676
COc1ccc(Nc2ncnc3cc(OC)c(OC)cc23)cc1OC,2800.0,MOL_0677
COc1ccc(CC(CO)n2cc(-c3cccc(OC)c3)c3c(N)ncnc32)cc1,9700.0,MOL_0678
COc1cccc(-c2cn(C3CCCC3)c3ncnc(N)c23)c1,460.0,MOL_0679
Nc1ncnc2c1c(-c1ccccc1)cn2C1CCC(O)C1,790.0,MOL_0680
COc1cccc(-c2cn(C3CC(CO)C3)c3ncnc(N)c23)c1,420.0,MOL_0681
COc1cc2ncnc(Nc3cccc(Br)c3)c2cc1OC,0.025,MOL_0682
CCN(CC)CCn1c2ccccc2c2c(Nc3cccc(Br)c3)ncnc21,4100.0,MOL_0683
Cc1cccc(Nc2ncnc3c2sc2ccc([N+](=O)[O-])cc23)c1.Cl,11.0,MOL_0684
Cl.O=[N+]([O-])c1ccc2sc3c(Nc4cccc(C(F)(F)F)c4)ncnc3c2c1,460.0,MOL_0685
COc1cccc2sc3c(Nc4cccc(Br)c4)ncnc3c12.Cl,20.0,MOL_0686
CNc1cc2c(Nc3cccc(Br)c3)ncnc2cn1,0.008,MOL_0687
COc1ccc2[nH]c3ncnc(Nc4cccc(Br)c4)c3c2c1,1.2,MOL_0688
COc1ccc2[nH]c3ncnc(Nc4cccc(Br)c4)c3c2c1,13.0,MOL_0689
COc1ccc2c(c1)sc1c(Nc3cccc(Br)c3)ncnc12,80.0,MOL_0690
COc1ccc(CC(CO)n2cc(-c3cccc(O)c3)c3c(N)ncnc32)cc1,3400.0,MOL_0691
Nc1ncnc2c1c(-c1ccccc1)cn2C1CC(O)C1,2820.0,MOL_0692
CN(C)c1ccc2sc3c(Nc4cccc(Br)c4)ncnc3c2c1,19.8,MOL_0693
COc1cccc(-c2cn(C3CC(C(=O)NCCO)C3)c3ncnc(N)c23)c1,330.0,MOL_0694
Cn1c2ccccc2c2c(Nc3cccc(Br)c3)ncnc21,742.0,MOL_0695
Cn1c2ccccc2c2c(Nc3cccc(Br)c3)ncnc21,769.0,MOL_0696
Cl.c1ccc(Nc2[nH]cnc3c4ccccc4nc2-3)cc1,2110.0,MOL_0697
c1ccc(Nc2[nH]cnc3nc4ccccc4c2-3)cc1,264.0,MOL_0698
Cl.O=[N+]([O-])c1ccc2sc3c(Nc4cccc(Br)c4)ncnc3c2c1,12.3,MOL_0699
COc1cc2nccc(Nc3cccc(Br)c3)c2cc1OC,370.0,MOL_0700
COc1cc2ncnc(Oc3cccc(Br)c3)c2cc1OC,70.0,MOL_0701
Brc1cccc(Nc2[nH]cnc3nc4ccccc4c2-3)c1,31.0,MOL_0702
Brc1cccc(Nc2[nH]cnc3nc4ccccc4c2-3)c1,630.0,MOL_0703
Nc1ccc2sc3c(Nc4cccc(C(F)(F)F)c4)ncnc3c2c1,47.0,MOL_0704
c1ccc(CNc2[nH]cnc3c4ccccc4nc2-3)cc1,460.0,MOL_0705
Brc1cccc(Nc2ncnc3c2sc2ncsc23)c1.CO,40.0,MOL_0706
COc1cc2nccc(Oc3cccc(Br)c3)c2cc1OC,2500.0,MOL_0707
Nc1ncnc2c1c(-c1ccc(O)cc1)cn2C1CCCC1,250.0,MOL_0708
Cc1cccc(Nc2cc(NCCO)ncn2)c1,1.0,MOL_0709
Brc1cccc(Nc2ncnc3c2sc2ncccc23)c1,732.0,MOL_0710
COc1ccc(CC(CO)n2cc(-c3ccccc3)c3c(N)ncnc32)cc1,14400.0,MOL_0711
Clc1cccc(Nc2ncnc3ccccc23)c1,23.0,MOL_0712
COc1cc2ncnc(Nc3cccc(Br)c3)c2cc1OC,4.0,MOL_0713
Nc1ncnc2c1c(-c1ccc(O)cc1)cn2C1CCC1,600.0,MOL_0714
Cl.Cn1c2ccccc2c2ncnc(Nc3cccc(Br)c3)c21,132.0,MOL_0715
Nc1ncnc2c1c(-c1cccc(O)c1)cn2C1CCCC1,80.0,MOL_0716
Brc1cccc(Nc2ncnc3cc4[nH]ccc4cc23)c1,0.39,MOL_0717
Brc1cccc(Nc2ncnc3ccc4[nH]cnc4c23)c1,29.0,MOL_0718
Brc1cccc(Nc2ncnc3sccc23)c1,35.0,MOL_0719
Nc1nc(Nc2cccc(Br)c2)c2c(n1)[nH]c1ccccc12,147.0,MOL_0720
Nc1nc(Nc2cccc(Br)c2)c2c(n1)[nH]c1ccccc12,493.0,MOL_0721
CCN(CC)CCn1c2ccc(OC)cc2c2c(Nc3cccc(Br)c3)ncnc21,4270.0,MOL_0722
Cl.O=[N+]([O-])c1ccc2sc3c(Nc4ccccc4)ncnc3c2c1,58.0,MOL_0723
COc1nccc(-c2c(-c3ccc(F)cc3)ncn2[C@H]2CC[C@H](O)CC2)n1,83.0,MOL_0724
Brc1cccc(Nc2ncnc3ccsc23)c1,11.0,MOL_0725
C[C@H](Nc1[nH]cnc2c3ccccc3nc1-2)c1ccccc1.Cl,419.0,MOL_0726
Cc1cccc(Nc2ncnc3c2sc2ccc(N)cc23)c1,2.1,MOL_0727
Cc1cccc(Nc2ncnc3c2sc2ccc(N)cc23)c1,98.0,MOL_0728
Brc1cccc(Nc2ncnc3c2oc2ccccc23)c1,740.0,MOL_0729
COc1ccc(Nc2ccnc3cc(OC)c(OC)cc23)cc1OC,80500.0,MOL_0730
Nc1ncnc2c1c(-c1ccccc1)cn2C(CO)Cc1ccc(O)cc1,13200.0,MOL_0731
Cl.Nc1ccc2c(c1)sc1c(Nc3cccc(Br)c3)ncnc12,0.47,MOL_0732
Cl.O=[N+]([O-])c1cccc2c1sc1c(Nc3cccc(Br)c3)ncnc12,158.0,MOL_0733
Brc1cccc(Nc2ncnc3c2sc2ccccc23)c1,1.8,MOL_0734
Brc1cccc(Nc2ncnc3c2sc2ccccc23)c1,170.0,MOL_0735
CCO.Nc1ccc2sc3c(Nc4ccccc4)ncnc3c2c1,9.4,MOL_0736
CO.Nc1cccc2c1sc1c(Nc3cccc(Br)c3)ncnc12,2.7,MOL_0737
c1ccc(CNc2ncnc3c2sc2ccccc23)cc1,191.0,MOL_0738
Nc1cc2sc3c(Nc4cccc(Br)c4)ncnc3c2cc1F,1.0,MOL_0739
Nc1cc2sc3c(Nc4cccc(Br)c4)ncnc3c2cc1F,42.0,MOL_0740
CCNc1cc2sc3c(Nc4cccc(Br)c4)ncnc3c2cc1F.CCO,7.9,MOL_0741
CCNc1cc2sc3c(Nc4cccc(Br)c4)ncnc3c2cc1F.CCO,85.0,MOL_0742
Nc1ncnc2c1c(-c1ccccc1)cn2C1CCCC1,500.0,MOL_0743
Brc1cccc(Nc2[nH]cnc3c4ccccc4nc2-3)c1.Cl,72.0,MOL_0744
Brc1cccc(Nc2[nH]cnc3c4ccccc4nc2-3)c1.Cl,93.0,MOL_0745
CCO.CNc1ccc2sc3c(Nc4cccc(Br)c4)ncnc3c2c1,1.1,MOL_0746
CCO.CNc1ccc2sc3c(Nc4cccc(Br)c4)ncnc3c2c1,33.0,MOL_0747
COc1cccc(-c2cn(C3CCC3)c3ncnc(N)c23)c1,450.0,MOL_0748
Cl.O=[N+]([O-])c1ccc2c(c1)sc1c(Nc3cccc(Br)c3)ncnc12,48.0,MOL_0749
COc1cc2sc3c(Nc4cccc(Br)c4)ncnc3c2cc1OC.Cl,444.0,MOL_0750
Brc1cccc(Nc2ncnc3cc4[nH]cnc4cc23)c1,0.008,MOL_0751
Brc1cccc(Nc2ncnc3cc4[nH]ncc4cc23)c1,0.44,MOL_0752
COc1cccc2c1sc1c(Nc3cccc(Br)c3)ncnc12.Cl,12.6,MOL_0753
Nc1ncnc2c1c(-c1ccccc1)cn2C(CO)Cc1ccccc1,440.0,MOL_0754
Nc1ncnc2c1c(-c1ccccc1)cn2C1CCC1,730.0,MOL_0755
Brc1cccc(Nc2ncnc3c2ccc2[nH]cnc23)c1,272.0,MOL_0756
Nc1ncnc2c1c(-c1cccc(O)c1)cn2C1CCN(CCO)CC1,2540.0,MOL_0757
COc1cccc(-c2cn(C3CCN(CC(=O)N(C)C)CC3)c3ncnc(N)c23)c1,750.0,MOL_0758
COc1cccc(-c2cn(C3CCN(CCO)CC3)c3ncnc(N)c23)c1,900.0,MOL_0759
Nc1ncnc2c1c(-c1ccccc1)cn2C1CCNC1,13400.0,MOL_0760
COC(=O)CN1CCC(n2cc(-c3cccc(O)c3)c3c(N)ncnc32)CC1,800.0,MOL_0761
CN(C)C(=O)CN1CCC(n2cc(-c3cccc(O)c3)c3c(N)ncnc32)CC1,500.0,MOL_0762
NC(=O)CN1CCC(n2cc(-c3cccc(O)c3)c3c(N)ncnc32)C1,400.0,MOL_0763
COC(=O)CN1CCC(n2cc(-c3cccc(OC)c3)c3c(N)ncnc32)C1,830.0,MOL_0764
COc1cccc(-c2cn(C3CCN(CCN(C)CCO)CC3)c3ncnc(N)c23)c1,295.0,MOL_0765
COc1cccc(-c2cn(C3CCN(CCN(C)CCO)CC3)c3ncnc(N)c23)c1,7800.0,MOL_0766
COC(=O)CN1CCC(n2cc(-c3cccc(O)c3)c3c(N)ncnc32)C1,740.0,MOL_0767
COCCNCCN1CCC(n2cc(-c3cccc(OC)c3)c3c(N)ncnc32)CC1,310.0,MOL_0768
Nc1ncnc2c1c(-c1ccc(O)cc1)cn2C1CCNC1,2670.0,MOL_0769
COc1cccc(-c2cn(C3CCN(CC(N)=O)C3)c3ncnc(N)c23)c1,440.0,MOL_0770
COc1cccc(-c2cn(C3CCNC3)c3ncnc(N)c23)c1,1120.0,MOL_0771
NC(=O)CN1CCC(n2cc(-c3cccc(O)c3)c3c(N)ncnc32)CC1,170.0,MOL_0772
COCCN(C)CCN1CCC(n2cc(-c3cccc(OC)c3)c3c(N)ncnc32)CC1,930.0,MOL_0773
Nc1ncnc2c1c(-c1cccc(O)c1)cn2C1CCNC1,1530.0,MOL_0774
COc1cccc(-c2cn(C3CCN(CC(N)=O)CC3)c3ncnc(N)c23)c1,350.0,MOL_0775
CC(C)(C)OC(=O)N1CCC(n2cc(-c3cccc(O)c3)c3c(N)ncnc32)C1,2200.0,MOL_0776
COC(=O)CN1CCC(n2cc(-c3cccc(OC)c3)c3c(N)ncnc32)CC1,1470.0,MOL_0777
C[S+]([O-])c1ccc(-c2nc(-c3ccc(F)cc3)c(-c3ccncc3)[nH]2)cc1,96000.0,MOL_0778
CC(C)(C)OC(=O)N1CCC(n2cc(-c3ccccc3)c3c(N)ncnc32)C1,8300.0,MOL_0779
COc1cccc(-c2cn(C3CCN(C(=O)OC(C)(C)C)C3)c3ncnc(N)c23)c1,2100.0,MOL_0780
COc1cc(Nc2nccc(-c3ccc(NCCN)nc3)n2)cc(OC)c1OC,5100.0,MOL_0781
COc1cc(Nc2ncnc3cc(OC)c(OC)cc23)cc(OC)c1.Cl,3000.0,MOL_0782
COc1cc2ncnc(NCc3ccccc3)c2cc1OC.Cl,4.0,MOL_0783
COc1cc2ncnc(Nc3cccc(F)c3)c2cc1OC.Cl,25.0,MOL_0784
COc1cc2ncnc(Nc3cccc(Cl)c3)c2cc1OC.Cl,30.0,MOL_0785
CCNC(=O)Nc1nc2nc(NCCCCN(CC)CC)ncc2cc1-c1c(Cl)cccc1Cl,1300.0,MOL_0786
COc1cc2ncnc(Oc3cccc(Cl)c3)c2cc1OC,20.0,MOL_0787
COc1ccc(Nc2ncnc3cc(OC)c(OC)cc23)cc1OC.Cl,350.0,MOL_0788
COc1cc2ncnc(Nc3ccc(O)cc3)c2cc1OC.Cl,100.0,MOL_0789
COc1cc2ncnc(Nc3ccccc3)c2cc1OC.Cl,50.0,MOL_0790
COc1cc(Nc2nccc(-c3ccc(N4CCNCC4)nc3)n2)cc(OC)c1OC,1704.0,MOL_0791
CCN(CC)CCCCNc1ncc2cc(-c3c(Cl)cccc3Cl)c(NC(=O)Nc3ccccc3)nc2n1,1000.0,MOL_0792
COc1cc2ncnc(N(C)c3ccccc3)c2cc1OC.Cl,4000.0,MOL_0793
COc1cc2ncnc(Sc3cccc(Cl)c3)c2cc1OC,10.0,MOL_0794
COc1cc2ncnc(Nc3cc(OC)c(OC)c(OC)c3)c2cc1OC.Cl,500.0,MOL_0795
COc1cc2ncnc(Nc3ccc4c(c3)CCC4)c2cc1OC.Cl,600.0,MOL_0796
CN1CCN(CCCNc2ncc3cc(-c4c(Cl)cccc4Cl)c(NC(=O)NC(C)(C)C)nc3n2)CC1,150.0,MOL_0797
COc1ccc2ncnc(Nc3cc(OC)c(OC)c(OC)c3)c2c1.Cl,100.0,MOL_0798
CCN(CC)CCCCNc1ncc2cc(-c3c(Cl)cccc3Cl)c(NC(=O)NC(C)(C)C)nc2n1,390.0,MOL_0799
Cl.Clc1cccc(Nc2ncnc3ccccc23)c1,50.0,MOL_0800
COc1ccc(Nc2ncnc3cc(OC)c(OC)cc23)cc1.Cl,250.0,MOL_0801
Cc1cccc(Cl)c1NC(=O)c1cnc(NC(=O)C2CC2)s1,10000.0,MOL_0802
Cc1c[nH]c(/C=C2\C(=O)Nc3cccc(C)c32)c1CCC(=O)O,28800.0,MOL_0803
COc1cccc(-c2ccc3c(c2)NC(=O)/C3=C\c2[nH]cc(C)c2CCC(=O)O)c1,49200.0,MOL_0804
CN1CCC(c2c(O)cc(O)c3c2O/C(=C\c2ccccc2Cl)C3=O)CC1,1680.0,MOL_0805
CN1CCC(c2c(O)cc(O)c3c(=O)cc(-c4ccccc4Cl)oc23)[C@@H](O)C1,4600.0,MOL_0806
COc1ccccc1-c1ccc2c(c1)NC(=O)/C2=C\c1[nH]c(C)c(CCC(=O)O)c1C,31300.0,MOL_0807
COc1cccc(-c2ccc3c(c2)NC(=O)/C3=C\c2[nH]cc(CCC(=O)O)c2C)c1,30500.0,MOL_0808
COc1ccc(-c2ccc3c(c2)NC(=O)/C3=C\c2[nH]cc(CCC(=O)O)c2C)cc1,22800.0,MOL_0809
Cc1c(CCC(=O)O)c[nH]c1/C=C1\C(=O)Nc2cc(-c3ccccc3)ccc21,21800.0,MOL_0810
COc1cccc(-c2ccc3c(c2)NC(=O)/C3=C\c2[nH]c(C)c(CCC(=O)O)c2C)c1,24100.0,MOL_0811
Cc1[nH]c(/C=C2\C(=O)Nc3cc(-c4ccccc4)ccc32)c(C)c1CCC(=O)O,21900.0,MOL_0812
Cc1[nH]c(/C=C2\C(=O)Nc3ccc(S(N)(=O)=O)cc32)c(C)c1CCC(=O)O,84800.0,MOL_0813
COc1ccccc1-c1ccc2c(c1)NC(=O)/C2=C\c1[nH]cc(CCC(=O)O)c1C,19200.0,MOL_0814
COc1cc2ncnc(Nc3ccc(F)c(Cl)c3)c2cc1OCCN(CCO)CCO,35.0,MOL_0815
COc1cc2ncnc(Nc3cccc(C)c3)c2cc1OC,5.0,MOL_0816
Nc1cc2ncnc(Nc3ccccc3)c2cn1,250.0,MOL_0817
COc1cccc(CNc2ncnc3cc(N)ncc23)c1,2870.0,MOL_0818
COc1cc2ncnc(Nc3ccc(F)c(Cl)c3)c2cc1OCCCN(C)C,49.0,MOL_0819
Cc1cccc(Nc2ncnc3cc(N)ncc23)c1,40.0,MOL_0820
CN(C)c1cccc(CNc2ncnc3cc(N)ncc23)c1,10000.0,MOL_0821
COc1cc2ncnc(Nc3ccc(F)c(Cl)c3)c2cc1OCCNC(C)C,310.0,MOL_0822
COCCN(CCOC)CCOc1cc2c(Nc3ccc(F)c(Cl)c3)ncnc2cc1OC,61.0,MOL_0823
Nc1cc2ncnc(Nc3cccc(Br)c3)c2cn1,10.0,MOL_0824
Nc1cc2ncnc(Nc3ccc(Br)cc3)c2cn1,90.0,MOL_0825
Nc1cc2ncnc(Nc3ccccc3C(F)(F)F)c2cn1,10000.0,MOL_0826
Nc1cc2ncnc(Nc3ccc(C(F)(F)F)cc3)c2cn1,4700.0,MOL_0827
Nc1cc2ncnc(NCc3ccccc3Br)c2cn1,1670.0,MOL_0828
COc1ccccc1CNc1ncnc2cc(N)ncc12,100000.0,MOL_0829
O=c1c(-c2cccc(Cl)c2)coc2cc(O)ccc12,58800.0,MOL_0830
Nc1cc2ncnc(Nc3cccc([N+](=O)[O-])c3)c2cn1,40.0,MOL_0831
Nc1cc2ncnc(NCc3cccc(C(F)(F)F)c3)c2cn1,1950.0,MOL_0832
O=c1c(-c2ccc(O)cc2)coc2cc(O)cc(O)c12,1000.0,MOL_0833
COc1cc2ncnc(Nc3ccc(F)c(Cl)c3)c2cc1OC,9.0,MOL_0834
Nc1ccc(-c2cc(=O)c3cc(N)ccc3o2)cc1,8700.0,MOL_0835
COc1cc2ncnc(Nc3cccc(Cl)c3)c2cc1OC,6.0,MOL_0836
COc1cc2ncnc(Nc3cccc(Cl)c3)c2cc1OC,120.0,MOL_0837
C=CC(=O)Nc1cnc2ncc(C#N)c(Nc3cccc(Br)c3)c2c1,374.8,MOL_0838
C=CC(=O)Nc1cnc2ncc(C#N)c(Nc3cccc(Br)c3)c2c1,975.7,MOL_0839
COc1cc2ncnc(Nc3ccc(F)c(Cl)c3)c2cc1OCCCN1CCCC1,71.0,MOL_0840
COc1cc2ncnc(Nc3ccc(F)c(Cl)c3)c2cc1OC[C@H](O)CN1CCOCC1,67.0,MOL_0841
Nc1cc2ncnc(NCc3ccccc3[N+](=O)[O-])c2cn1,4250.0,MOL_0842
O=c1c(-c2cccc(Cl)c2)coc2cc(O)cc(O)c12,95.0,MOL_0843
O=c1c(-c2cccc(Cl)c2)coc2cc(O)cc(O)c12,12000.0,MOL_0844
COc1cc2ncnc(Nc3ccc(F)c(Cl)c3)c2cc1OCCNCCN(C)C,2.0,MOL_0845
COc1cc2ncnc(Nc3ccc(F)c(Cl)c3)c2cc1OCC(O)Cn1ccnc1,8.0,MOL_0846
Nc1cc2ncnc(Nc3ccc([N+](=O)[O-])cc3)c2cn1,65000.0,MOL_0847
Nc1cc2ncnc(Nc3cccc(I)c3)c2cn1,260.0,MOL_0848
Nc1cc2ncnc(Nc3cccc(O)c3)c2cn1,70.0,MOL_0849
COc1cc(O)c2c(O)c(-c3cccc(Cl)c3)cnc2c1,38.0,MOL_0850
COc1cc(O)c2c(O)c(-c3cccc(Cl)c3)cnc2c1,6000.0,MOL_0851
CC#CC(=O)Nc1ccc2ncc(C#N)c(Nc3ccc(F)c(Cl)c3)c2c1,330.2,MOL_0852
CC#CC(=O)Nc1ccc2ncc(C#N)c(Nc3ccc(F)c(Cl)c3)c2c1,1027.8,MOL_0853
Nc1cc2ncnc(Nc3cccc(C(F)(F)F)c3)c2cn1,15.0,MOL_0854
COc1cccc(Nc2ncnc3cc(N)ncc23)c1,130.0,MOL_0855
COc1cc2ncnc(Nc3ccc(F)c(Cl)c3)c2cc1OCCN1CCOCC1,10.0,MOL_0856
CN(C)c1cccc(Nc2ncnc3cc(N)ncc23)c1,1790.0,MOL_0857
Nc1cc2ncnc(NCc3cccc([N+](=O)[O-])c3)c2cn1,10100.0,MOL_0858
C=CC(=O)Nc1ccc2ncc(C#N)c(Nc3cccc(Br)c3)c2c1,9.7,MOL_0859
C=CC(=O)Nc1ccc2ncc(C#N)c(Nc3cccc(Br)c3)c2c1,86.9,MOL_0860
COCCNCCOc1cc2c(Nc3ccc(F)c(Cl)c3)ncnc2cc1OC,8.0,MOL_0861
CCN(CC)CCCOc1cc2c(Nc3ccc(F)c(Cl)c3)ncnc2cc1OC,57.0,MOL_0862
Nc1cc2ncnc(NCc3ccc(Br)cc3)c2cn1,2460.0,MOL_0863
COc1cc(O)c2c(=O)c(-c3cccc(Cl)c3)cn(CCc3ccccc3)c2c1,4000.0,MOL_0864
COc1cc(O)c2c(=O)c(-c3cccc(Cl)c3)cn(CCc3ccccc3)c2c1,1500.0,MOL_0865
CN(C)C/C=C/C(=O)Nc1cc2c(Nc3cccc(Br)c3)c(C#N)cnc2cn1,1.9,MOL_0866
CN(C)C/C=C/C(=O)Nc1cc2c(Nc3cccc(Br)c3)c(C#N)cnc2cn1,8.6,MOL_0867
COc1cc2ncnc(Nc3ccc(F)c(Cl)c3)c2cc1OCCNC(C)(CO)CO,69.0,MOL_0868
COc1cc2ncnc(Nc3ccc(F)c(Cl)c3)c2cc1OCCn1ccnc1,66.0,MOL_0869
COc1cc2ncnc(Nc3ccc(F)c(Cl)c3)c2cc1OCCCN1CCOCC1,23.0,MOL_0870
COc1cc(OC)c2c(=O)c(-c3cccc(Cl)c3)coc2c1,500000.0,MOL_0871
COC(=O)Cn1cc(-c2cccc(Cl)c2)c(=O)c2c(O)cc(OC)cc21,64.0,MOL_0872
COC(=O)Cn1cc(-c2cccc(Cl)c2)c(=O)c2c(O)cc(OC)cc21,12500.0,MOL_0873
CC#CC(=O)Nc1cnc2ncc(C#N)c(Nc3cccc(Br)c3)c2c1,6266.2,MOL_0874
CC#CC(=O)Nc1ccc2ncc(C#N)c(Nc3cccc(Br)c3)c2c1,258.9,MOL_0875
CN(C)C/C=C/C(=O)Nc1ccc2ncc(C#N)c(Nc3cccc(Br)c3)c2c1,37.2,MOL_0876
CN(C)C/C=C/C(=O)Nc1ccc2ncc(C#N)c(Nc3cccc(Br)c3)c2c1,122.9,MOL_0877
CNCCOc1cc2c(Nc3ccc(F)c(Cl)c3)ncnc2cc1OC,8.0,MOL_0878
COc1cc2ncnc(Nc3ccc(F)c(Cl)c3)c2cc1OCCN1CCCCC1,98.0,MOL_0879
CC#CC(=O)Nc1cnc2ncc(C#N)c(Nc3ccc(F)c(Cl)c3)c2c1,3762.4,MOL_0880
CC#CC(=O)Nc1cnc2ncc(C#N)c(Nc3ccc(F)c(Cl)c3)c2c1,6794.8,MOL_0881
Nc1ccc(Nc2ncnc3cc(N)ncc23)cc1,5900.0,MOL_0882
CCN(CC)CCOc1cc2c(Nc3ccc(F)c(Cl)c3)ncnc2cc1OC,93.0,MOL_0883
COc1ccc(Nc2ncnc3cc(N)ncc23)cc1,670.0,MOL_0884
CN(C)c1ccc(Nc2ncnc3cc(N)ncc23)cc1,4860.0,MOL_0885
COc1cc2ncnc(Nc3ccc(F)c(Cl)c3)c2cc1OCC(O)CN,6.0,MOL_0886
Nc1ccc(-c2cc(=O)c3cc(N)c(O)cc3o2)cc1,14100.0,MOL_0887
Nc1cc2ncnc(Nc3ccccc3N)c2cn1,5250.0,MOL_0888
Nc1cc2ncnc(NCc3ccccc3C(F)(F)F)c2cn1,10000.0,MOL_0889
Nc1cc2ncnc(NCc3ccc(C(F)(F)F)cc3)c2cn1,8000.0,MOL_0890
COc1cc(O)c2c(=O)c(-c3cccc(Cl)c3)cn(C)c2c1,170.0,MOL_0891
COc1cc(O)c2c(=O)c(-c3cccc(Cl)c3)cn(C)c2c1,3000.0,MOL_0892
Nc1cc2ncnc(Nc3cccc(F)c3)c2cn1,840.0,MOL_0893
COc1cc2ncnc(Nc3ccc(F)c(Cl)c3)c2cc1OCCCN1CCCCC1,79.0,MOL_0894
Nc1cc2ncnc(Nc3ccccc3[N+](=O)[O-])c2cn1,1250.0,MOL_0895
Nc1cc2ncnc(Nc3ccccc3Br)c2cn1,240.0,MOL_0896
CN(C)C/C=C/C(=O)Nc1cnc2ncc(C#N)c(Nc3cccc(Br)c3)c2c1,2043.6,MOL_0897
CN(C)C/C=C/C(=O)Nc1cnc2ncc(C#N)c(Nc3cccc(Br)c3)c2c1,4128.6,MOL_0898
COc1cc2ncnc(Nc3ccc(F)c(Cl)c3)c2cc1OC[C@@H](O)CN1CCOCC1,95.0,MOL_0899
CN(C)c1ccccc1Nc1ncnc2cc(N)ncc12,69000.0,MOL_0900
Nc1cc2ncnc(Nc3cccc(Cl)c3)c2cn1,120.0,MOL_0901
Nc1cccc(-c2cc(=O)c3c(N)c(O)c(N)cc3o2)c1,7800.0,MOL_0902
COc1cc(O)c2c(=O)c(-c3cccc(Cl)c3)coc2c1,1270.0,MOL_0903
COc1cc2ncnc(Nc3ccc(F)c(Cl)c3)c2cc1OCCN(C)C,7.0,MOL_0904
CCOc1cc2ncc(C#N)c(Nc3ccc(F)c(Cl)c3)c2cc1NC(=O)/C=C/CN(C)C,14.5,MOL_0905
CCOc1cc2ncc(C#N)c(Nc3ccc(F)c(Cl)c3)c2cc1NC(=O)/C=C/CN(C)C,97.6,MOL_0906
COc1cc2ncnc(Nc3ccc(F)c(Cl)c3)c2cc1OCCN1CCN(C)CC1,10.0,MOL_0907
COc1cc2ncnc(Nc3ccc(F)c(Cl)c3)c2cc1OCCNC(C)(C)C,100.0,MOL_0908
COc1cc2ncnc(Nc3ccc(F)c(Cl)c3)c2cc1OCCN1CCCC1,87.0,MOL_0909
CNCC(O)COc1cc2c(Nc3ccc(F)c(Cl)c3)ncnc2cc1OC,5.0,MOL_0910
Nc1cccc(Nc2ncnc3cc(N)ncc23)c1,1550.0,MOL_0911
Nc1cc2ncnc(NCc3ccccc3)c2cn1,580.0,MOL_0912
Nc1cc2ncnc(NCc3cccc(Br)c3)c2cn1,1000.0,MOL_0913
Oc1cc(O)c2c(O)c(-c3cccc(Cl)c3)cnc2c1,8.0,MOL_0914
Oc1cc(O)c2c(O)c(-c3cccc(Cl)c3)cnc2c1,2000.0,MOL_0915
COc1cc2ncnc(Nc3ccc(F)c(Cl)c3)c2cc1OCC(O)CN(CCO)CCO,5.0,MOL_0916
COc1ccccc1Nc1ncnc2cc(N)ncc12,3710.0,MOL_0917
Nc1cc2ncnc(NCc3ccccc3N)c2cn1,230.0,MOL_0918
O=C(CCc1c(SSc2[nH]c3ccccc3c2CCC(=O)NCc2ccc(C(=O)O)c(O)c2)[nH]c2ccccc12)NCc1ccc(C(=O)O)c(O)c1,8500.0,MOL_0919
CN(C)CC(CNNC(N)=O)C(=O)c1ccc(OCc2ccccc2)cc1.Cl,3900.0,MOL_0920
CC(=O)OC(Cc1c(SSc2[nH]c3ccccc3c2CC(OC(C)=O)C(=O)NCc2ccccc2)[nH]c2ccccc12)C(=O)NCc1ccccc1,28000.0,MOL_0921
O=C(O)CCc1c(SSc2[nH]c3ccccc3c2CCC(=O)O)[nH]c2ccccc12,4800.0,MOL_0922
COC(=O)c1ccccc1SCC(CN(C)C)C(=O)c1ccc(OCc2ccccc2)cc1.Cl,8800.0,MOL_0923
CN(C)C(=O)CCc1c(SSc2[nH]c3ccccc3c2CCC(=O)N(C)C)[nH]c2ccccc12,12000.0,MOL_0924
Cc1ccc(SCC(CN(C)C)C(=O)c2ccc(OCc3ccccc3)cc2)cc1C.Cl,2100.0,MOL_0925
CONC(=O)CCc1c(SSc2[nH]c3ccccc3c2CCC(=O)NOC)[nH]c2ccccc12,68000.0,MOL_0926
C=C(CN(C)C)C(=O)c1ccc(OCc2ccccc2)cc1.Cl,180.0,MOL_0927
COc1cc2c(cc1OC)Nc1ncnc(O)c1C2,75000.0,MOL_0928
C=C(CN1CCCCC1)C(=O)c1ccc(OCc2ccccc2)cc1.Cl,1100.0,MOL_0929
O=C(CCc1c(SSc2[nH]c3ccccc3c2CCC(=O)NCCc2ccccc2)[nH]c2ccccc12)NCCc1ccccc1,24000.0,MOL_0930
CC(=O)NC(Cc1c(SSc2[nH]c3ccccc3c2CC(NC(C)=O)C(=O)NCc2ccccc2)[nH]c2ccccc12)C(=O)NCc1ccccc1,51000.0,MOL_0931
Cl.O=C(CCN1CCCCC1)c1ccc(OCc2ccccc2)cc1,1800.0,MOL_0932
CCOC(=O)C1CCN(CCC(=O)c2ccc(OCc3ccccc3)cc2)CC1.Cl,300.0,MOL_0933
NC(Cc1c(SSc2[nH]c3ccccc3c2CC(N)C(=O)NCc2ccccc2)[nH]c2ccccc12)C(=O)NCc1ccccc1,7600.0,MOL_0934
C=C(CN1CCNCC1)C(=O)c1ccc(OCc2ccccc2)cc1.Cl,1500.0,MOL_0935
N#CCc1c(SSc2[nH]c3ccccc3c2CC#N)[nH]c2ccccc12,32000.0,MOL_0936
C=C(CN(C)C)C(=O)c1ccc(OS(=O)(=O)c2ccc(C(=O)O)cc2)cc1,230.0,MOL_0937
O=C(NCc1ccccc1)C(O)Cc1c(SSc2[nH]c3ccccc3c2CC(O)C(=O)NCc2ccccc2)[nH]c2ccccc12,14000.0,MOL_0938
O=C(CCCc1c(SSc2[nH]c3ccccc3c2CCCC(=O)NCc2ccccc2)[nH]c2ccccc12)NCc1ccccc1,100000.0,MOL_0939
O=c1c(-c2ccc(O)cc2)coc2cc(O)cc(O)c12,1000.0,MOL_0940
CN(C)CC(CSCCN)C(=O)c1ccc(OCc2ccccc2)cc1.Cl,8800.0,MOL_0941
NC(=O)CCC1C(S)=Nc2ccccc21,22000.0,MOL_0942
CC(CN(C)C)C(=O)c1ccc(OS(=O)(=O)c2ccc(C(=O)O)cc2)cc1.Cl,100000.0,MOL_0943
O=C(CC1C(S)=Nc2ccccc21)NCc1ccccc1,100000.0,MOL_0944
CNC(=O)CCc1c(SSc2[nH]c3ccccc3c2CCC(=O)NC)[nH]c2ccccc12,9400.0,MOL_0945
N#CC(Cc1ccc(O)c(O)c1)C(=N)S,70000.0,MOL_0946
CN(C)CCC(=O)c1ccc(OCc2ccccc2)cc1.Cl,1500.0,MOL_0947
O=C(Cc1c(SSc2[nH]c3ccccc3c2CC(=O)NCc2ccccc2)[nH]c2ccccc12)NCc1ccccc1,38000.0,MOL_0948
Cl.O=C(CCN1CCOCC1)c1ccc(OCc2ccccc2)cc1,1500.0,MOL_0949
CN(C)CC(CSc1ccccc1)C(=O)c1ccc(OCc2ccccc2)cc1.Cl,7300.0,MOL_0950
COC(=O)c1ccc(CNC(=O)CCc2c(SSc3[nH]c4ccccc4c3CCC(=O)NCc3ccc(C(=O)OC)cc3)[nH]c3ccccc23)cc1,44000.0,MOL_0951
O=C(CCc1c(SSc2[nH]c3ccccc3c2CCC(=O)NCc2ccc(C(=O)O)cc2)[nH]c2ccccc12)NCc1ccc(C(=O)O)cc1,7400.0,MOL_0952
C=C(CN1CCOCC1)C(=O)c1ccc(OCc2ccccc2)cc1.Cl,1100.0,MOL_0953
O=C(CCc1c(SSc2[nH]c3ccccc3c2CCC(=O)NCc2ccccc2)[nH]c2ccccc12)NCc1ccccc1,850.0,MOL_0954
C=C(CN(C)C)C(=O)c1ccccc1.Cl,5600.0,MOL_0955
O=[N+]([O-])CCc1c(SSc2[nH]c3ccccc3c2CC[N+](=O)[O-])[nH]c2ccccc12,89000.0,MOL_0956
O=C(CCc1c(SSc2[nH]c3ccccc3c2CCC(=O)Nc2ccccc2)[nH]c2ccccc12)Nc1ccccc1,25000.0,MOL_0957
C=C(CN(C)C)C(=O)c1ccc(OCc2ccccc2)c(O)c1.Cl,670.0,MOL_0958
C=C(CN(C)C)C(=O)c1ccc(OS(=O)(=O)c2ccc(C(=O)N(C)C)cc2)cc1.Cl,700.0,MOL_0959
O=C(CCC1C(S)=Nc2ccccc21)NCc1ccccc1,100000.0,MOL_0960
N#CCCc1c(SSc2[nH]c3ccccc3c2CCC#N)[nH]c2ccccc12,47000.0,MOL_0961
NC(=O)CCc1c(SSc2[nH]c3ccccc3c2CCC(N)=O)[nH]c2ccccc12,16000.0,MOL_0962
CN(C)CCC(=O)c1ccc(OCc2ccccc2)c(O)c1.Cl,360.0,MOL_0963
COC(=O)CCc1c(SSc2[nH]c3ccccc3c2CCC(=O)OC)[nH]c2ccccc12,21000.0,MOL_0964
C=C(CN(C)C)C(=O)c1ccc(OS(=O)(=O)c2ccc(C(=O)O)c(O)c2)cc1,470.0,MOL_0965
COC(=O)c1ccc(CNC(=O)CCc2c(SSc3[nH]c4ccccc4c3CCC(=O)NCc3ccc(C(=O)OC)c(O)c3)[nH]c3ccccc23)cc1O,100000.0,MOL_0966
COc1cc2c(cc1OC)Nc1ncn(C)c(=O)c1C2,160000.0,MOL_0967
N#C/C(=C\c1cc(O)c(O)c(Br)c1)S(=O)(=O)/C(C#N)=C/c1cc(O)c(O)c(Br)c1,850.0,MOL_0968
N#C/C(=C\c1cc(O)c(O)c(Br)c1)S(=O)(=O)/C(C#N)=C/c1cc(O)c(O)c(Br)c1,1400.0,MOL_0969
N#C/C(=C\c1cc(O)c(O)c(Br)c1)S(=O)(=O)/C(C#N)=C/c1cc(O)c(O)c(Br)c1,11000.0,MOL_0970
N#C/C(=C\c1ccc(O)c(O)c1)C(=O)NCCCCCCCCNC(=O)/C(C#N)=C/c1ccc(O)c(O)c1,2200.0,MOL_0971
N#C/C(=C\c1ccc(O)c(O)c1)C(=O)NCCCCCCCCNC(=O)/C(C#N)=C/c1ccc(O)c(O)c1,21000.0,MOL_0972
N#C/C(=C\c1ccc(O)c(O)c1)C(=O)NCCCCCCCCNC(=O)/C(C#N)=C/c1ccc(O)c(O)c1,24000.0,MOL_0973
N#C/C(=C\c1ccc(O)c(O)c1)C(=O)NCCCNC(=O)/C(C#N)=C/c1ccc(O)c(O)c1,400.0,MOL_0974
N#C/C(=C\c1ccc(O)c(O)c1)C(=O)NCCCNC(=O)/C(C#N)=C/c1ccc(O)c(O)c1,3300.0,MOL_0975
N#C/C(=C\c1ccc(O)c(O)c1)C(=O)NCCCNC(=O)/C(C#N)=C/c1ccc(O)c(O)c1,3000.0,MOL_0976
N#C/C(=C\c1cc(O)c(O)c([N+](=O)[O-])c1)C(=O)NCCCNC(=O)/C(C#N)=C/c1cc(O)c(O)c([N+](=O)[O-])c1,35000.0,MOL_0977
N#CC(C#N)=C(N)/C(C#N)=C/c1ccc2[nH]ccc2c1,820000.0,MOL_0978
N#C/C(=C\c1cc(O)c(O)c(Br)c1)C(=O)NCCCNC(=O)/C(C#N)=C/c1cc(O)c(O)c(Br)c1,340.0,MOL_0979
N#C/C(=C\c1cc(O)c(O)c(Br)c1)C(=O)NCCCNC(=O)/C(C#N)=C/c1cc(O)c(O)c(Br)c1,3900.0,MOL_0980
N#C/C(=C\c1cc(O)c(O)c(Br)c1)C(=O)NCCCNC(=O)/C(C#N)=C/c1cc(O)c(O)c(Br)c1,7300.0,MOL_0981
N#C/C(=C\c1ccc(O)c(O)c1)C(=O)NCc1cccc(CNC(=O)/C(C#N)=C/c2ccc(O)c(O)c2)c1,1600.0,MOL_0982
N#C/C(=C\c1ccc(O)c(O)c1)C(=O)NCc1cccc(CNC(=O)/C(C#N)=C/c2ccc(O)c(O)c2)c1,10300.0,MOL_0983
N#C/C(=C\c1ccc(O)c(O)c1)C(=O)NCc1cccc(CNC(=O)/C(C#N)=C/c2ccc(O)c(O)c2)c1,6000.0,MOL_0984
N#C/C(=C\c1ccc(O)c(O)c1)C(=O)NCCCCCCNC(=O)/C(C#N)=C/c1ccc(O)c(O)c1,700.0,MOL_0985
N#C/C(=C\c1ccc(O)c(O)c1)C(=O)NCCCCCCNC(=O)/C(C#N)=C/c1ccc(O)c(O)c1,11000.0,MOL_0986
N#C/C(=C\c1ccc(O)c(O)c1)C(=O)NCCCCCCNC(=O)/C(C#N)=C/c1ccc(O)c(O)c1,5000.0,MOL_0987
CN(C)c1cc2c(Nc3ccc4c(cnn4Cc4ccccc4)c3)ncnc2cn1,1.0,MOL_0988
CN(C)c1cc2c(Nc3ccc4c(cnn4Cc4ccccc4)c3)ncnc2cn1,210.0,MOL_0989
Oc1cc2cc(-c3ccncc3)cnc2cc1O,5000.0,MOL_0990
N#C/C(=C\c1ccc(O)c(O)c1)C(=O)NCCCCNC(=O)/C(C#N)=C/c1ccc(O)c(O)c1,600.0,MOL_0991
N#C/C(=C\c1ccc(O)c(O)c1)C(=O)NCCCCNC(=O)/C(C#N)=C/c1ccc(O)c(O)c1,4300.0,MOL_0992
N#C/C(=C\c1ccc(O)c(O)c1)C(=O)NCCCCNC(=O)/C(C#N)=C/c1ccc(O)c(O)c1,5000.0,MOL_0993
N#C/C(=C\c1ccc(O)c(O)c1)C(N)=O,10000.0,MOL_0994
N#C/C(=C\c1ccc(O)c(O)c1)C(N)=O,4500.0,MOL_0995
N#C/C(=C\c1ccc(O)c(O)c1)C(=O)c1ccc(O)c(O)c1,370.0,MOL_0996
N#C/C(=C\c1ccc(O)c(O)c1)C(=O)c1ccc(O)c(O)c1,5000.0,MOL_0997
N#C/C(=C\c1ccc(O)c(O)c1)C(=O)NCCCCCCCCCCNC(=O)/C(C#N)=C/c1ccc(O)c(O)c1,1300.0,MOL_0998
N#C/C(=C\c1ccc(O)c(O)c1)C(=O)NCCCCCCCCCCNC(=O)/C(C#N)=C/c1ccc(O)c(O)c1,25000.0,MOL_0999
