molecule_id,smiles
MOL_001,CCO
MOL_002,CCN(CC)CC
MOL_003,CC(=O)O
MOL_004,CCOC(=O)C
MOL_005,CC1=CC=CC=C1
MOL_006,CCOC(=O)c1ccccc1
MOL_007,c1ccncc1
MOL_008,c1ccc(cc1)O
MOL_009,c1ccc(cc1)N
MOL_010,CCN1C=NC2=C1N=CN=C2N
MOL_011,CC(C)NCC(O)CO
MOL_012,CCOC(=O)c1ccc(cc1)Cl
MOL_013,CCOC(=O)c1ccc(cc1)F
MOL_014,CCOC(=O)c1ccc(cc1)Br
MOL_015,CCOC(=O)c1ccc(cc1)N
MOL_016,CCOC(=O)c1ccc(cc1)O
MOL_017,CCN(CC)C(=O)c1ccccc1
MOL_018,CC(C)CC1=CC=C(C=C1)O
MOL_019,CC(C)CC1=CC=C(C=C1)Cl
MOL_020,CC(C)CC1=CC=C(C=C1)F
MOL_021,c1ccc2ccccc2c1
MOL_022,c1ccc2ncccc2c1
MOL_023,c1ccncc1C(=O)O
MOL_024,c1ccncc1N
MOL_025,c1ccncc1Cl
MOL_026,COC1=CC=CC=C1O
MOL_027,COC1=CC=CC=C1Cl
MOL_028,COC1=CC=CC=C1F
MOL_029,COC1=CC=CC=C1C
MOL_030,COC1=CC=CC=C1N
MOL_031,CCOC(=O)c1ccc(cc1)CCCCCC
MOL_032,CCOC(=O)c1ccc(cc1)CCCCCCCC
MOL_033,CCOC(=O)c1ccc(cc1)CCCCCCCCCC
MOL_034,c1ccc(cc1)CCCCCCCC
MOL_035,c1ccc(cc1)CCCCCCCCCC
MOL_036,c1ccc(cc1)CCCCCCCCCCCC
MOL_037,CCCCCCCCCCCCCCCC
MOL_038,CCCCCCCCCCCCCCCCCC
MOL_039,CCCCCCCCCCCCCCCCCCCC
MOL_040,CCCCCCCCCCCCCCCCCCCCCC
MOL_041,CCCCCCCCCCCCCCCCCCCCCCCC
MOL_042,CCCCCCCCCCCCCCCCCCCCCCCCCC
MOL_043,CCCCCCCCCCCCCCCCCCCCCCCCCCCC
MOL_044,c1ccc(cc1)CCCCCCCCCCCCCCCC
MOL_045,c1ccc(cc1)CCCCCCCCCCCCCCCCCC
MOL_046,c1ccc(cc1)CCCCCCCCCCCCCCCCCCCC
MOL_047,c1ccc(cc1)CCCCCCCCCCCCCCCCCCCCCC
MOL_048,CCOC(=O)c1ccc(cc1)CCCCCCCCCCCCCCCC
MOL_049,CCOC(=O)c1ccc(cc1)CCCCCCCCCCCCCCCCCC
MOL_050,CCOC(=O)c1ccc(cc1)CCCCCCCCCCCCCCCCCCCC
MOL_051,CCOC(=O)c1ccc(cc1)CCCCCCCCCCCCCCCCCCCCCC
MOL_052,CCOC(=O)c1ccc(cc1)CCCCCCCCCCCCCCCCCCCCCCCC
MOL_053,CCOC(=O)c1ccc(cc1)CCCCCCCCCCCCCCCCCCCCCCCCCC
MOL_054,CCOC(=O)c1ccc(cc1)CCCCCCCCCCCCCCCCCCCCCCCCCCCC
MOL_055,c1ccc(cc1)CCCCCCCCCCCCCCCCCCCCCCCC
MOL_056,c1ccc(cc1)CCCCCCCCCCCCCCCCCCCCCCCCCC
MOL_057,c1ccc(cc1)CCCCCCCCCCCCCCCCCCCCCCCCCCCC
MOL_058,c1ccc(cc1)CCCCCCCCCCCCCCCCCCCCCCCCCCCCCC
MOL_059,c1ccc(cc1)CCCCCCCCCCCCCCCCCCCCCCCCCCCCCCCC
MOL_060,c1ccc(cc1)CCCCCCCCCCCCCCCCCCCCCCCCCCCCCCCCCC
MOL_061,CCCCCCCCCCCCCCCCCCCCCCCCCCCCCCCCCCCC
MOL_062,CCCCCCCCCCCCCCCCCCCCCCCCCCCCCCCCCCCCCC
MOL_063,CCCCCCCCCCCCCCCCCCCCCCCCCCCCCCCCCCCCCCCC
MOL_064,CCCCCCCCCCCCCCCCCCCCCCCCCCCCCCCCCCCCCCCCCC
MOL_065,CCCCCCCCCCCCCCCCCCCCCCCCCCCCCCCCCCCCCCCCCCCC
MOL_066,CCN(CC)CCN(CC)CCN(CC)CCN(CC)CC
MOL_067,CCN(CC)CCN(CC)CCN(CC)CCN(CC)CCN(CC)CC
MOL_068,CCN(CC)CCN(CC)CCN(CC)CCN(CC)CCN(CC)CCN(CC)CC
MOL_069,CCN(CC)CCN(CC)CCN(CC)CCN(CC)CCN(CC)CCN(CC)CCN(CC)CC
MOL_070,CCN(CC)CCN(CC)CCN(CC)CCN(CC)CCN(CC)CCN(CC)CCN(CC)CCN(CC)CC
MOL_071,OC(=O)c1ccc(cc1)C(=O)O
MOL_072,OC(=O)c1ccc(cc1)C(=O)Nc2ccccc2
MOL_073,OC(=O)c1ccc(cc1)C(=O)Nc2ccc(cc2)C(=O)O
MOL_074,OC(=O)c1ccc(cc1)C(=O)Nc2ccc(cc2)C(=O)Nc3ccccc3
MOL_075,OC(=O)c1ccc(cc1)C(=O)Nc2ccc(cc2)C(=O)Nc3ccc(cc3)C(=O)O
MOL_076,CCOC(=O)c1ccc(cc1)CCCCCCCCCCCCCCCCCCCCCCCCCC
MOL_077,CCOC(=O)c1ccc(cc1)CCCCCCCCCCCCCCCCCCCCCCCCCCCC
MOL_078,CCOC(=O)c1ccc(cc1)CCCCCCCCCCCCCCCCCCCCCCCCCCCCCC
MOL_079,CCOC(=O)c1ccc(cc1)CCCCCCCCCCCCCCCCCCCCCCCCCCCCCCCC
MOL_080,CCOC(=O)c1ccc(cc1)CCCCCCCCCCCCCCCCCCCCCCCCCCCCCCCCCC
MOL_081,c1ccc(cc1)CCCCCCCCCCCCCCCCCCCCCCCCCCCCCCCC
MOL_082,c1ccc(cc1)CCCCCCCCCCCCCCCCCCCCCCCCCCCCCCCCCC
MOL_083,c1ccc(cc1)CCCCCCCCCCCCCCCCCCCCCCCCCCCCCCCCCCCC
MOL_084,c1ccc(cc1)CCCCCCCCCCCCCCCCCCCCCCCCCCCCCCCCCCCCCC
MOL_085,c1ccc(cc1)CCCCCCCCCCCCCCCCCCCCCCCCCCCCCCCCCCCCCCCC
MOL_086,CCOC(=O)c1ccc(cc1)c2ccc(cc2)CCCCCCCCCCCCCCCCCCCC
MOL_087,CCOC(=O)c1ccc(cc1)c2ccc(cc2)CCCCCCCCCCCCCCCCCCCCCC
MOL_088,CCOC(=O)c1ccc(cc1)c2ccc(cc2)CCCCCCCCCCCCCCCCCCCCCCCC
MOL_089,CCOC(=O)c1ccc(cc1)c2ccc(cc2)CCCCCCCCCCCCCCCCCCCCCCCCCC
MOL_090,CCOC(=O)c1ccc(cc1)c2ccc(cc2)CCCCCCCCCCCCCCCCCCCCCCCCCCCC
MOL_091,CCOC(=O)c1ccc(cc1)c2ccc(cc2)c3ccc(cc3)CCCCCCCCCCCCCCCC
MOL_092,CCOC(=O)c1ccc(cc1)c2ccc(cc2)c3ccc(cc3)CCCCCCCCCCCCCCCCCC
MOL_093,CCOC(=O)c1ccc(cc1)c2ccc(cc2)c3ccc(cc3)CCCCCCCCCCCCCCCCCCCC
MOL_094,CCOC(=O)c1ccc(cc1)c2ccc(cc2)c3ccc(cc3)CCCCCCCCCCCCCCCCCCCCCC
MOL_095,CCOC(=O)c1ccc(cc1)c2ccc(cc2)c3ccc(cc3)CCCCCCCCCCCCCCCCCCCCCCCC
MOL_096,CCCCCCCCCCCCCCCCCCCCCCCCCCCCCCCCCCCCCCCCCCCC
MOL_097,CCCCCCCCCCCCCCCCCCCCCCCCCCCCCCCCCCCCCCCCCCCCCC
MOL_098,CCCCCCCCCCCCCCCCCCCCCCCCCCCCCCCCCCCCCCCCCCCCCCCC
MOL_099,CCCCCCCCCCCCCCCCCCCCCCCCCCCCCCCCCCCCCCCCCCCCCCCCCC
MOL_100,CCCCCCCCCCCCCCCCCCCCCCCCCCCCCCCCCCCCCCCCCCCCCCCCCCCC
INV_001,C1CC
INV_002,CC(C
INV_003,C=C=
INV_004,C1=CC=CC
INV_005,N(N(N
INV_006,C@@H
INV_007,C1CC1C1
INV_008,ABCDEF
INV_009,C1(CC1
INV_010,C#C#C#